va,organism,molregno,tid,canonical_smiles,pref_name,chembl_id
[30000.0],Homo sapiens,500908,169,O=C1CC2(CCN(C(=O)N[C@H]3C[C@@H]3c3ccccc3)CC2)Oc2cccnc21,,CHEMBL495993
[4230.0],Oryctolagus cuniculus,1568914,17056,CCOC(=O)C1=C(NC(=O)C(C)C)OC(C)=C(C(=O)OC)C1c1cccc([N+](=O)[O-])c1,,CHEMBL2398393
[2360.0],Oryctolagus cuniculus,1568923,17056,COC(=O)N1C(=O)NC(C)=C(C(=O)OC(C)C)[C@H]1c1cccc([N+](=O)[O-])c1,,CHEMBL2398402
[50118.7],Homo sapiens,88739,169,COC[C@@H](NC(C)=O)C(=O)NCc1ccccc1,LACOSAMIDE,CHEMBL58323
[6400.0],Homo sapiens,2101950,169,O=C(Nc1ccc(F)cc1)N1N=C(c2ccncc2)CC1c1ccc(F)cc1,,CHEMBL3892579
[8000.0],Homo sapiens,2236106,169,CC(C)[C@@]1(C(=O)O)CC[C@@](C)(c2nc(-c3ccc(C(=O)Nc4cc(C(F)(F)F)ccn4)cc3)c3c(N)nccn23)C1,,CHEMBL4096195
[4700.0],Oryctolagus cuniculus,1560315,17056,O=C1CC(=O)N(C2CCCC2)C(=O)N1CCC(c1ccccc1)c1ccccc1,,CHEMBL2380911
[100000.0],Cavia porcellus,1480089,106600,CCOC(=O)C1=C(C)NC(C)=C(C(=O)OC2CCCCC2)C1c1csc(-c2ccc(Cl)cc2)n1,,CHEMBL2262251
[340.0],Rattus norvegicus,45908,10514,COc1ccc(C2=C(OC(C)=O)c3cccn3-c3ccccc3S2)cc1,,CHEMBL33165
[512.86],Cavia porcellus,1472641,106600,CCOC(=O)C1=C(C)NC(C)=C(C(=O)OCC2CCCCC2)C1c1[nH]cnc1Cl,,CHEMBL2237115
[22000.0],Cavia porcellus,1480077,106600,CCOC(=O)C1=C(C)NC(C)=C(C(=O)OC)C1c1csc(-c2ccc(Cl)cc2)n1,,CHEMBL2262239
[10000.0],Rattus norvegicus,1562125,10514,C[C@@H]1CN(Cc2ccccc2)[C@H](Cc2ccccc2)CN1,,CHEMBL2385369
[100000000.0],Homo sapiens,363589,169,N[C@@H](CC(=O)N1CCn2c(nnc2C(F)(F)F)C1)Cc1cc(F)c(F)cc1F,SITAGLIPTIN,CHEMBL1422
[100000.0],Oryctolagus cuniculus,1560291,17056,O=C(O)[C@H]1CC[C@@H](N2C(=O)CC(=O)N(CCc3cccc(Cl)c3)C2=O)C1,,CHEMBL2380888
[1584890.0],Homo sapiens,267163,169,CC(C)CN(C[C@@H](O)[C@H](Cc1ccccc1)NC(=O)O[C@H]1CO[C@H]2OCC[C@H]21)S(=O)(=O)c1ccc(N)cc1,DARUNAVIR,CHEMBL1323
[1020.0],Oryctolagus cuniculus,1568922,17056,COC(=O)SC1=NC(C)=C(C(=O)OC(C)C)C(c2cccc([N+](=O)[O-])c2)N1C(=O)OC,,CHEMBL2398401
[13300.0],Homo sapiens,2752105,169,C[C@]1(CN2Cc3nc(-c4ccc(F)cc4)sc3C2)CN=C(N)O1,,CHEMBL5180874
[5400.0],Homo sapiens,2172018,169,O=C(Nc1ccc(F)cc1)N1N=C(c2ccncc2)C[C@H]1c1ccc(F)cc1,,CHEMBL3962647
[2700.0],Oryctolagus cuniculus,678223,17056,CCCCN(CCCC)CCCOc1ccc(-c2cn3ccccc3n2)cc1.Cl,,CHEMBL1204272
[10000.0],Rattus norvegicus,1972666,10514,CC(C)[C@@H](NC(=O)CC1CCN(CCc2ccccc2)CC1)c1ccc(F)cc1,,CHEMBL3638039
[6.22],Cavia porcellus,1471734,106600,CSc1ncc(C2C(C(=O)OCCCc3ccccc3)=C(C)NC(C)=C2C(=O)OC(C)C)n1Nc1ccccc1,,CHEMBL2236217
[0.1581],Cavia porcellus,1479010,106600,CCOC(=O)C1=C(C)NC(C)=C(C(=O)OCC)C1c1[nH]c(CC)nc1Cl,,CHEMBL2261182
[8380.0],Cavia porcellus,1480087,106600,CCOC(=O)C1=C(C)NC(C)=C(C(=O)OC2CCCC2)C1c1csc(-c2ccc(Cl)cc2)n1,,CHEMBL2262249
[27500.0],Rattus norvegicus,390239,10514,O=c1c(O)c(-c2ccc(O)cc2)oc2cc(O)ccc12,RESOKAEMPFEROL,CHEMBL242383
[561000.0],Rattus norvegicus,618468,10514,COc1ccc(C(C)=O)c(O)c1,PAEONOL,CHEMBL1079227
[441000.0],Cavia porcellus,152611,106600,Cc1cccc(CCN2CCC(C(=O)c3ccc(NS(C)(=O)=O)cc3)CC2)n1,,CHEMBL327980
[170.0],Rattus norvegicus,1852300,10514,CCCC[N+]1(CCCC(=O)c2ccc(F)cc2)CCC(O)(c2ccc(Cl)cc2)CC1.[I-],,CHEMBL3436047
[33900.0],Oryctolagus cuniculus,1560288,17056,O=C(OCc1ccccc1)N1CC[C@H](N2C(=O)CC(=O)N(CCc3cccc(Cl)c3)C2=O)C1,,CHEMBL2380885
[55.0],Oryctolagus cuniculus,626978,17056,COC(=O)C1=C(C)NC(C)=C(C(=O)OCc2cc([N+](=O)[O-])cc([N+](=O)[O-])c2)C1c1cccc([N+](=O)[O-])c1,,CHEMBL1097464
[94400.0],Cavia porcellus,1471147,106600,CCOC(=O)C1=C(C)NC(C)=C(C(=O)OC)C1c1ccc(-c2cc(=O)cc(-c3ccccc3)o2)cc1,,CHEMBL2235636
[30000.0],Homo sapiens,2461848,169,Cc1cc(Nc2nccc(-c3sc(C4CCNCC4)nc3-c3ccc(F)cc3)n2)ccn1,,CHEMBL4591417
[86100.0],Cavia porcellus,1471148,106600,CCOC(=O)C1=C(C)NC(C)=C(C(=O)OC)C1c1ccc(-c2cc(=O)cc(C)o2)cc1,,CHEMBL2235637
[51700.0],Oryctolagus cuniculus,1560308,17056,O=C1CC(=O)N(C2CCCC2)C(=O)N1Cc1ccc(Cl)cc1,,CHEMBL2380904
[17.0],Oryctolagus cuniculus,627451,17056,COC(=O)C1=C(C)NC(C)=C(C(=O)OCCCCc2ccc(OC)cc2)C1c1cccc([N+](=O)[O-])c1,,CHEMBL1098841
[19400.0],Mus musculus,455677,10513,O=C1NC(=O)C2C3c4ccccc4C(c4ccc(Cl)cc43)C12,,CHEMBL475745
[10.0],Oryctolagus cuniculus,627105,17056,C=C(C)C(=O)OCCOC(=O)C1=C(C)NC(C)=C(C(=O)OCC)C1c1cccc([N+](=O)[O-])c1,,CHEMBL1097880
[21000.0],Cavia porcellus,1480071,106600,CC1=C(C(=O)OC(C)(C)C)C(c2csc(-c3ccc(Cl)cc3)n2)C(C(=O)OC(C)(C)C)=C(C)N1,,CHEMBL2262233
[400.0],Cavia porcellus,308422,106600,CCCCc1oc2ccc(NS(C)(=O)=O)cc2c1C(=O)c1ccc(OCCCN(CCCC)CCCC)cc1,DRONEDARONE,CHEMBL184412
[100.0],Rattus norvegicus,1972679,10514,CCCCC/C=C\C/C=C\C/C=C/C/C=C\CCCC(=O)NCCO,,CHEMBL3638052
[10000.0],Homo sapiens,1577585,169,Cc1sc(Nc2ccc(Cl)cc2F)nc1C(=O)N1CCC[C@H](C)[C@@H]1C,,CHEMBL2418811
[5600.0],Rattus norvegicus,1562113,10514,CCCCCCCCC[C@@H]1CN[C@H](C)CN1Cc1ccccc1,,CHEMBL2385357
[5.1],Oryctolagus cuniculus,126776,17056,COCCO/C(O)=C1\C(C)=NC(C)=C(C(=O)OCN2C(=O)c3ccccc3S2(=O)=O)C1c1ccccc1[N+](=O)[O-],,CHEMBL80771
[2000.0],Homo sapiens,558609,169,O=C(NC1CC1c1ccccc1)N1CCC(c2nc(-c3ccccc3C(F)(F)F)no2)CC1,,CHEMBL561788
[1500.0],Oryctolagus cuniculus,676777,17056,CCCCN(CCCC)CCCOc1ccc(-c2cn3ccsc3n2)cc1.Cl.Cl,,CHEMBL1202826
[11500.0],Cavia porcellus,1972660,106600,COc1ccc2c(c1OC)C[N+]1(Cc3ccc(Cl)cc3)CCc3cc4c(cc3C1C2)OCO4,,CHEMBL3638033
[38.0],Oryctolagus cuniculus,126778,17056,CC1=NC(C)=C(C(=O)OCN2C(=O)c3ccccc3S2(=O)=O)C(c2ccccc2[N+](=O)[O-])/C1=C(\O)OCC1CCCO1,,CHEMBL433325
[1610.0],Oryctolagus cuniculus,627599,17056,CC1=C(C#N)C(c2cccc(F)c2F)C(C#N)=C(C)N1,,CHEMBL1099189
[320.0],Cavia porcellus,24971,106600,Fc1ccc(C(OCCN2CCN(CCCc3ccccc3)CC2)c2ccc(F)cc2)cc1,VANOXERINE,CHEMBL281594
[0.5957],Cavia porcellus,1479009,106600,CCc1nc(Cl)c(C2C(C(=O)OC)=C(C)NC(C)=C2C(=O)OC)[nH]1,,CHEMBL2261181
[2030.0],Cavia porcellus,1471149,106600,CCOC(=O)C1=C(C)NC(C)=C(C(=O)OC)C1c1cc(=O)cc(-c2ccccc2)o1,,CHEMBL2235638
[53.4],Cavia porcellus,1471732,106600,COCCOC(=O)C1=C(C)NC(C)=C(C(=O)OC(C)C)C1c1cnc(SC)n1Nc1ccccc1,,CHEMBL2236215
[50000.0],Homo sapiens,2805948,169,Cc1cc(=O)c2c(F)cncc2n1-c1c(Cl)cc(C#N)cc1Cl,,CHEMBL5286246
[4600.0],Oryctolagus cuniculus,1560330,17056,O=C1CC(=O)N(C2CC3CCC2C3)C(=O)N1CCc1cc(Cl)cc(Cl)c1,,CHEMBL2380926
[0.1459],Cavia porcellus,1479019,106600,CCCOC(=O)C1=C(C)NC(C)=C(C(=O)OC)C1c1[nH]c(CC)nc1Cl,,CHEMBL2261191
[1130.0],Homo sapiens,418488,169,NCCC(Oc1ccc(C(F)(F)F)cc1)c1ccccc1,NORFLUOXETINE,CHEMBL1494
[125000.0],Homo sapiens,7714,169,Cc1nc2n(c(=O)c1CCN1CCC(c3noc4cc(F)ccc34)CC1)CCCC2,RISPERIDONE,CHEMBL85
[17000.0],Homo sapiens,1990372,169,COc1ccc(-c2ccc(C(=O)O)cc2C)cc1-c1cnc(N(C)C)cc1[C@@H]1CC[C@H]2[C@@H](c3cc(C(F)(F)F)cc(C(F)(F)F)c3)OC(=O)N12,,CHEMBL3657502
[5700.0],Homo sapiens,2173159,169,Cc1nnc2sc(C(=O)NCc3ccc(S(=O)(=O)C(F)F)cc3)c(N)c2c1C,,CHEMBL3963788
[7500.0],Cavia porcellus,1972664,106600,COc1cc(C[C@H](C)[C@@H](C)C(=O)c2ccc(O)c(OC)c2)ccc1O,,CHEMBL3638037
[10000.0],Homo sapiens,1577580,169,Cc1ccc(Nc2nc(C(=O)N3CCCC(C)C3C)cs2)cc1,,CHEMBL2418806
[11000.0],Homo sapiens,563881,169,Cn1cc(C2CCN(C(=O)NC3CC3c3ccccc3)CC2)nn1,,CHEMBL562869
[5100.0],Oryctolagus cuniculus,1560327,17056,CC(CN1C(=O)CC(=O)N(C2CC3CCC2C3)C1=O)c1cccc(Cl)c1,,CHEMBL2380923
[12100.0],Cavia porcellus,1480093,106600,CCOC(=O)C1=C(C)NC(C)=C(C(=O)OCCc2ccccc2)C1c1csc(-c2ccc(Cl)cc2)n1,,CHEMBL2262255
[100000.0],Oryctolagus cuniculus,1568932,17056,COC(=O)C1=C(C(C)C)NC(=O)NC1c1cccc([N+](=O)[O-])c1,,CHEMBL2398411
[46700.0],Oryctolagus cuniculus,1560307,17056,O=C1CC(=O)N(C2CCCC2)C(=O)N1Cc1cccc(Cl)c1,,CHEMBL2380903
[30000.0],Homo sapiens,2209156,169,Cc1c([C@@H](O)CN2CCC3(CC2)CCN(c2ccc(=O)n(C)n2)C3=O)ccc2c1COC2=O,,CHEMBL4069245
[46900.0],Cavia porcellus,1480082,106600,COC(=O)C1=C(C)NC(C)=C(C(=O)OCC(C)C)C1c1csc(-c2ccc(Cl)cc2)n1,,CHEMBL2262244
[37.0],Oryctolagus cuniculus,627387,17056,COC(=O)C1=C(C)NC(C)=C(C(=O)OC/C=C/c2ccccc2)C1c1cccc([N+](=O)[O-])c1,PRANIDIPINE,CHEMBL1096842
[1.86],Cavia porcellus,1471729,106600,CCOC(=O)C1=C(C)NC(C)=C(C(=O)OCc2ccccc2)C1c1cnc(SC)n1Nc1ccccc1,,CHEMBL2236212
[0.7482],Cavia porcellus,1479012,106600,CCc1nc(Cl)c(C2C(C(=O)OC(C)C)=C(C)NC(C)=C2C(=O)OC(C)C)[nH]1,,CHEMBL2261184
[21740.0],Oryctolagus cuniculus,1568924,17056,COC(=O)N1C(=O)NC(C)=C(C(=O)OC(C)C)[C@@H]1c1cccc([N+](=O)[O-])c1,,CHEMBL2398403
[30000.0],Rattus norvegicus,1179205,10514,NC(=O)c1cnc(N[C@H](C2CC2)C(F)(F)F)c2c1[nH]c1cc(-c3cnc(N)nc3)ccc12,,CHEMBL1835153
[18000.0],Homo sapiens,2157150,169,CNC(=O)c1c(-c2ccc(F)cc2)oc2cc(N(C)S(C)(=O)=O)c(-c3ccc4c(n3)-c3cc5c(F)cccc5n3CC4)cc12,,CHEMBL3947779
[30000.0],Homo sapiens,2448411,169,CCNC1=N[C@@H]2[C@@H](O)[C@H](OC)[C@@H](CO)O[C@@H]2S1,,CHEMBL4577980
[58100.0],Oryctolagus cuniculus,278923,17056,CC1=C(C(=O)OC(C)C)C(c2cccc([N+](=O)[O-])c2)NC(=O)N1,,CHEMBL167975
[2.29],Cavia porcellus,1471743,106600,CCCOC(=O)C1=C(C)NC(C)=C(C(=O)OCCC)C1c1cnc(SC)n1Nc1ccccc1,,CHEMBL2236226
[11600.0],Rattus norvegicus,996,10514,CN(C)CCCN1c2ccccc2CCc2ccc(Cl)cc21,CLOMIPRAMINE,CHEMBL415
[22500.0],Homo sapiens,2720594,169,CCNC(=N)NC(=O)Nc1c(CC)cc(C(=O)NCc2ccccc2)cc1CC,,CHEMBL5076143
[10.0],Oryctolagus cuniculus,626975,17056,COC(=O)C1=C(C)NC(C)=C(C(=O)OCc2c(Cl)cc(Cl)cc2Cl)C1c1cccc([N+](=O)[O-])c1,,CHEMBL1095231
[27000.0],Cavia porcellus,1379733,106600,CCN(CC)CC#CC(C)(C)OC(=O)C(O)(c1ccccc1)C1CCCCC1,TEMIVERINE,CHEMBL2107463
[455.0],Homo sapiens,1960685,169,CC(C)C(=O)O[C@@]1(CCN(C)CCCc2nc3ccccc3[nH]2)C[C@H]2CCC[C@@H]1c1ccccc12,,CHEMBL3609818
[7.24],Cavia porcellus,1471733,106600,CSc1ncc(C2C(C(=O)OCc3ccccc3)=C(C)NC(C)=C2C(=O)OC(C)C)n1Nc1ccccc1,,CHEMBL2236216
[15848.9],Homo sapiens,27569,169,OC(CNCC(O)C1CCc2cc(F)ccc2O1)C1CCc2cc(F)ccc2O1,NEBIVOLOL,CHEMBL434394
[30000.0],Homo sapiens,1075287,169,C[C@@H](NC(=O)Cc1ccc(C2CC2)cc1)c1ccc(OCC(F)(F)F)cn1,,CHEMBL1684954
[38.02],Cavia porcellus,1474105,106600,CC1=C(C(=O)OC(C)C)C(c2[nH]cnc2Cl)C(C(=O)OC(C)C)=C(C)N1,,CHEMBL2238564
[5900.0],Homo sapiens,2111935,169,Cc1ccc(C2(CCN3CCOCC3)CC(c3ccccc3)=NN2C(=O)Nc2ccc(F)cc2)cc1,,CHEMBL3902564
[10000.0],Rattus norvegicus,1562119,10514,C[C@@H]1CN(C(c2ccccc2)c2ccccc2)[C@H](CCCCO[Si](C)(C)C(C)(C)C)CN1S(=O)(=O)c1ccc(C(F)(F)F)cc1,,CHEMBL2385363
[4900.0],Rattus norvegicus,1972677,10514,O=C1COc2c1c(=O)c1ccc(Br)cc1n2Cc1ccccc1F,,CHEMBL3638050
[30000.0],Homo sapiens,500824,169,CS(=O)(=O)c1ccc2c(c1)CCC1(CCCN(C(=O)N[C@H]3C[C@@H]3c3ccccc3)CC1)O2,,CHEMBL482637
[17.0],Rattus norvegicus,21054,10514,COc1ccc(C2Sc3ccccc3-n3c(CN(C)C)ccc32)cc1,,CHEMBL277363
[100000.0],Oryctolagus cuniculus,1560429,17056,CC1(C)[C@@H]2CC[C@@]1(C)[C@@H](N1C(=O)CC(=O)N(CCc3cccc(Cl)c3)C1=O)C2,,CHEMBL2381024
[1023000.0],Homo sapiens,5528,169,CC(C)NCC(O)c1ccc(NS(C)(=O)=O)cc1,SOTALOL,CHEMBL471
[1750.0],Homo sapiens,1249092,169,COc1cc(Br)c(C[N+]2(CCOCCC3CCC4CC3C4(C)C)CCOCC2)cc1OC,PINAVERIUM,CHEMBL1909324
[26000.0],Oryctolagus cuniculus,1560439,17056,CC1(C)CCC(N2C(=O)CC(=O)N(CCc3ccc(Cl)cc3)C2=O)C1,,CHEMBL2381034
[30000.0],Homo sapiens,563889,169,Cc1noc(C2CCN(C(=O)NC3CC3c3ccccc3)CC2)n1,,CHEMBL564547
[2480.0],Oryctolagus cuniculus,1568935,17056,COC(=O)N1C(=O)NC(C)=C(C(=O)OC(C)C)C1c1cccc([N+](=O)[O-])c1,,CHEMBL2398414
[26000.0],Homo sapiens,501002,169,Cn1nccc1Nc1ccc2c(c1)C(=O)CC1(CCN(C(=O)N[C@H]3C[C@@H]3c3ccccc3)CC1)O2,,CHEMBL495793
[10000.0],Rattus norvegicus,1562126,10514,C[C@@H]1CN(Cc2ccccc2)[C@H](Cc2ccccc2)CN1S(=O)(=O)c1ccc(C(F)(F)F)cc1,,CHEMBL2385370
[30000.0],Homo sapiens,560402,169,O=C(NC1CC1c1ccccc1)N1CCC(n2cncn2)CC1,,CHEMBL563732
[3290.0],Oryctolagus cuniculus,30438,17056,COC(=O)C1=C(C)N=C(SC)NC1c1cccc([N+](=O)[O-])c1,,CHEMBL282279
[0.5636],Cavia porcellus,1479024,106600,CCOC(=O)C1=C(C)NC(C)=C(C(=O)OC(C)C)C1c1[nH]c(CC)nc1Cl,,CHEMBL2261196
[39.0],Rattus norvegicus,1219,10514,COc1ccc(CCN(C)CCCC(C#N)(c2ccc(OC)c(OC)c2)C(C)C)cc1OC,VERAPAMIL,CHEMBL6966
[1100.0],Oryctolagus cuniculus,676771,17056,CCCCN(CCCC)CCCOc1ccc(-c2cn3nc(C)sc3n2)cc1.Cl.Cl,,CHEMBL1202820
[30000.0],Homo sapiens,556766,169,O=C(N[C@@H]1C[C@H]1c1ccccc1)N1CCC(c2nc(-c3ccccn3)no2)CC1,,CHEMBL562822
[62.0],Rattus norvegicus,174128,10514,CN(CCCN1C(=O)CSC1c1cc(C(C)(C)C)c(O)c(C(C)(C)C)c1)CCOc1ccc2c(c1)OCO2,,CHEMBL107949
[1862.09],Cavia porcellus,1470004,106600,COC(=O)C1=C(C)NC(C)=C(C(=O)OC(C)(C)C)C1c1[nH]cnc1Cl,,CHEMBL2234504
[79.43],Cavia porcellus,1470007,106600,COC(=O)C1=C(C)NC(C)=C(C(=O)OCCc2ccccc2)C1c1[nH]cnc1Cl,,CHEMBL2234507
[12600.0],Oryctolagus cuniculus,1560323,17056,CC(C)(CN1C(=O)CC(=O)N(C2CCCC2)C1=O)c1cccc(Cl)c1,,CHEMBL2380919
[12000.0],Homo sapiens,560410,169,O=C(NC1CC1c1ccccc1)N1CCC(c2nc3ccccc3o2)CC1,,CHEMBL552402
[4700.0],Oryctolagus cuniculus,1560417,17056,CC1(C)CCC[C@H]1N1C(=O)CC(=O)N(CCc2cccc(Cl)c2)C1=O,,CHEMBL2381012
[1.75],Cavia porcellus,1479022,106600,CCc1nc(Cl)c(C2C(C(=O)OC)=C(C)NC(C)=C2C(=O)OCc2ccccc2)[nH]1,,CHEMBL2261194
[41.69],Cavia porcellus,1473483,106600,CC1=C(C(=O)OCc2ccccc2)C(c2nc[nH]c2Cl)C(C(=O)OCc2ccccc2)=C(C)N1,,CHEMBL2237949
[470000.0],Rattus norvegicus,30111,10514,O=C(O)c1ccccc1Nc1ccccc1,FENAMIC ACID ,CHEMBL23832
[24200.0],Homo sapiens,2802391,169,CSc1c(C#N)c(=O)c2ccc(F)cc2n1-c1c(Cl)cccc1Cl,,CHEMBL5282689
[31.0],Oryctolagus cuniculus,627250,17056,C#CCCOC(=O)C1=C(C)NC(C)=C(C(=O)OC)C1c1cccc([N+](=O)[O-])c1,,CHEMBL1098001
[1530.0],Rattus norvegicus,1562115,10514,C[C@@H]1CN(C(c2ccccc2)c2ccccc2)[C@H](CCCCO[Si](C)(C)C(C)(C)C)CN1,,CHEMBL2385359
[1300.0],Oryctolagus cuniculus,676776,17056,CCCCN(CCCC)CCCOc1ccc(-c2nc3sccn3c2C)cc1.Cl.Cl,,CHEMBL1202825
[354.81],Cavia porcellus,1470005,106600,COC(=O)C1=C(C)NC(C)=C(C(=O)OCC2CCCCC2)C1c1[nH]cnc1Cl,,CHEMBL2234505
[2730.0],Homo sapiens,2280738,169,CC(C)OCc1ccccc1CNC(=O)c1c2c(c(Cl)n1C)CC(C)(C)CC2,,CHEMBL4202587
[630.0],Oryctolagus cuniculus,626819,17056,CCOC(=O)C1=C(C)NC(CN2CCN(c3ccccc3)CC2)=C(C(=O)OCC)C1c1cccc([N+](=O)[O-])c1,,CHEMBL1098063
[20300.0],Rattus norvegicus,1727655,10514,CC1=C(C(=O)SC(C)(C)C)C(/C(C)=C/c2ccccc2)C=C(c2ccccc2)N1,,CHEMBL3221247
[1306.0],Oryctolagus cuniculus,627694,17056,C=CCOC(=O)C1=C(C)NC(C)=C(C(=O)OCC)C1c1ccc2ccccc2c1,,CHEMBL1097873
[25.0],Oryctolagus cuniculus,627037,17056,COC(=O)C1=C(C)NC(C)=C(C(=O)OCc2ccccc2)C1c1cccc([N+](=O)[O-])c1,,CHEMBL1095559
[0.0],Oryctolagus cuniculus,676768,17056,CCCCN(CCCC)CCCOc1ccc(-c2cn3ccc(C)nc3n2)cc1.Cl,,CHEMBL1202817
[30000.0],Oryctolagus cuniculus,1278,17056,COc1ccc([C@@H]2Sc3ccccc3N(CCN(C)C)C(=O)[C@@H]2OC(C)=O)cc1,DILTIAZEM,CHEMBL23
[9300.0],Oryctolagus cuniculus,1560415,17056,C[C@H]1CCC[C@H]1N1C(=O)CC(=O)N(CCc2cccc(Cl)c2)C1=O,,CHEMBL2381010
[364000.0],Rattus norvegicus,866306,10514,CN(C)CCN1C(=O)c2ccccc2N(C)c2ccccc21,DIBENZEPIN,CHEMBL1442422
[2140.0],Cavia porcellus,1471144,106600,CCOC(=O)C1=C(C)NC(C)=C(C(=O)OCC)C1c1ccc(-c2cc(=O)cc(C)o2)cc1,,CHEMBL2235633
[2.4],Cavia porcellus,1471750,106600,CCCOC(=O)C1=C(C)NC(C)=C(C(=O)OC)C1c1cnc(SC)n1Nc1ccccc1,,CHEMBL2236233
[4100.0],Oryctolagus cuniculus,1560326,17056,CC(Cc1ccc(Cl)cc1)N1C(=O)CC(=O)N(C2CC3CCC2C3)C1=O,,CHEMBL2380922
[210.0],Oryctolagus cuniculus,626817,17056,CCOC(=O)C1=C(C)NC(COC(=O)c2ccccc2)=C(C(=O)OCC)C1c1cccc([N+](=O)[O-])c1,,CHEMBL1099060
[30000.0],Homo sapiens,2178318,169,O=C(O)CCCOc1ccc(-c2cc(OC(F)(F)F)ccc2Cl)cc1,,CHEMBL3968947
[140.0],Homo sapiens,1959805,169,CN(CCCc1nc2ccccc2[nH]1)CC[C@@]1(OC(=O)C2CC2)C[C@@H]2CC[C@H]1c1ccccc12,,CHEMBL3608946
[434.0],Homo sapiens,1960690,169,COCC(=O)O[C@]1(CCN(C)CCCc2nc3ccccc3[nH]2)CC(C)(C)c2cc(F)ccc2[C@@H]1C(C)C,,CHEMBL3609823
[20000.0],Homo sapiens,1347609,169,Cc1cc(C(=O)O)ccc1-c1ccc(N2C(=O)N(c3cnccn3)C3(CCN(Cc4ncccc4C)CC3)C2=O)cc1,,CHEMBL2041190
[64900.0],Cavia porcellus,1480090,106600,COC(=O)C1=C(C)NC(C)=C(C(=O)OCc2ccccc2)C1c1csc(-c2ccc(Cl)cc2)n1,,CHEMBL2262252
[2.16],Cavia porcellus,1471744,106600,CSc1ncc(C2C(C(=O)OC(C)C)=C(C)NC(C)=C2C(=O)OC(C)C)n1Nc1ccccc1,,CHEMBL2236227
[33000.0],Homo sapiens,2383005,169,CCCN(CCC)[C@H](c1ccccn1)[C@@H](c1ccccn1)N(CCC)C[C@H](O)CO,,CHEMBL4475999
[1100.0],Homo sapiens,2285442,169,CCc1cc(CC(=O)Nc2ccn(Cc3ccc(C#N)cn3)n2)ccc1OCC(F)(F)F,,CHEMBL4207291
[38000.0],Oryctolagus cuniculus,1560418,17056,CC1CCC(N2C(=O)CC(=O)N(CCc3cccc(Cl)c3)C2=O)C1,,CHEMBL2381013
[2650.0],Homo sapiens,2156672,169,O=C(Nc1ccc(F)cc1)N1N=C(c2ccccc2)CC1(CO)c1ccc(F)cc1,,CHEMBL3947301
[200.0],Rattus norvegicus,225834,10514,COc1cc2c(cc1OC)CN(CCCN1C(=O)CSC1c1cc(C(C)(C)C)c(O)c(C(C)(C)C)c1)CC2,,CHEMBL344472
[1900.0],Rattus norvegicus,1972671,10514,COCCOc1cc(F)ccc1CCN1CCC(CC(=O)N[C@@H](c2ccc(F)cc2)C(C)C)CC1,,CHEMBL3638044
[100000.0],Oryctolagus cuniculus,1560318,17056,COC(=O)[C@H](Cc1ccccc1)N1C(=O)CC(=O)N(C2CCCC2)C1=O,,CHEMBL2380914
[250.0],Rattus norvegicus,226003,10514,CN(CCCN1C(=O)CSC1c1cc(C(C)(C)C)c(O)c(C(C)(C)C)c1)Cc1ccc2c(c1)OCO2,,CHEMBL336705
[7800.0],Homo sapiens,2129946,169,O=C(Nc1ccc(F)cc1)N1N=C(c2ccncc2)C[C@@H]1c1ccc(F)cc1,,CHEMBL3920575
[30000.0],Homo sapiens,1966128,169,Cc1nnc2n1-c1ccc(-c3cncc([C@@](C)(O)C(F)(F)F)c3)cc1CC2,,CHEMBL3622446
[26.0],Oryctolagus cuniculus,627179,17056,COC(=O)C1=C(C)NC(C)=C(C(=O)OCCC#N)C1c1cccc([N+](=O)[O-])c1,,CHEMBL1098473
[1700.0],Rattus norvegicus,225734,10514,CN(C)CCN(C)CCCN1C(=O)CSC1c1cc(C(C)(C)C)c(O)c(C(C)(C)C)c1,,CHEMBL138484
[25.1],Oryctolagus cuniculus,127613,17056,CC1=NC(C)=C(C(=O)OCN2C(=O)c3ccccc3S2(=O)=O)C(c2cccc([N+](=O)[O-])c2)/C1=C(\O)OCC1CCCO1,,CHEMBL78944
[500000.0],Homo sapiens,2551012,169,Cc1c(N2CC[C@@H](C3(N)CC3)C2)c(F)cc2cc(C(=O)O)c(=O)n(C3CC3)c12,,CHEMBL4857241
[630.96],Cavia porcellus,1474110,106600,CC1=C(C(=O)OCC2CCCCC2)C(c2[nH]cnc2Cl)C(C(=O)OCC2CCCCC2)=C(C)N1,,CHEMBL2238569
[25000.0],Homo sapiens,2728223,169,Cn1cc(Nc2nccc(-c3ccc4c(c3)CN(C3COC3)CC[C@H]4NC(=O)c3cn(C(C)(C)C)nn3)n2)cn1,BIIB-091,CHEMBL5083772
[100000.0],Oryctolagus cuniculus,1560289,17056,O=C1CC(=O)N([C@H]2CCNC2)C(=O)N1CCc1cccc(Cl)c1,,CHEMBL2380886
[13600.0],Cavia porcellus,1480080,106600,COC(=O)C1=C(C)NC(C)=C(C(=O)OC(C)C)C1c1csc(-c2ccc(Cl)cc2)n1,,CHEMBL2262242
[30000.0],Homo sapiens,2729472,169,CC(C)C[C@@H]1NC(=O)CNC(=O)[C@H](CCC(=O)O)NC(=O)[C@@H]2CSSC[C@H](NC(=O)[C@@H](N)Cc3ccc(O)cc3)C(=O)N[C@@H](CCC(N)=O)C(=O)N[C@@H](CCCCN)C(=O)N[C@@H](Cc3ccccc3)C(=O)N[C@@H](CC(C)C)C(=O)N[C@@H](C)C(=O)N3CCC[C@H]3C(=O)N[C@H]3CSSC[C@H](NC(=O)[C@H](C(C)C)NC1=O)C(=O)N[C@@H](CCCNC(=N)N)C(=O)N[C@@H](CC(C)C)C(=O)N[C@@H](Cc1c[nH]c4ccccc14)C(=O)N[C@H](C(=O)N[C@@H](CCCCN)C(=O)N[C@@H](CCCCN)C(=O)N[C@@H](CCCCN)C(=O)N[C@@H](CC(C)C)C(=O)N[C@@H](Cc1c[nH]c4ccccc14)C(N)=O)CSSC[C@H](NC(=O)[C@H](CCCCN)NC(=O)[C@H](CCCNC(=N)N)NC(=O)[C@H](CCC(=O)O)NC(=O)[C@H](CO)NC(=O)[C@H](CC(=O)O)NC3=O)C(=O)N2,,CHEMBL5085021
[100000.0],Oryctolagus cuniculus,1560444,17056,C[C@@H](C1CCCCC1)N1C(=O)CC(=O)N(CCc2ccc(Cl)cc2)C1=O,,CHEMBL2381039
[9230.0],Rattus norvegicus,1562112,10514,CCCCC[C@@H]1CN[C@H](C)CN1Cc1ccccc1,,CHEMBL2385356
[22000.0],Oryctolagus cuniculus,112651,17056,CC(C)COCC(CN(Cc1ccccc1)c1ccccc1)N1CCCC1,BEPRIDIL,CHEMBL1008
[20000.0],Homo sapiens,1143056,169,Cc1cccc(Nc2ccc(-c3ccc(N4CCNCC4)nc3)cc2)n1,,CHEMBL1770752
[30000.0],Oryctolagus cuniculus,1560442,17056,CC1CCC(N2C(=O)CC(=O)N(CCc3ccc(Cl)cc3)C2=O)CC1,,CHEMBL2381037
[270.0],Homo sapiens,1826180,169,CCOC(=O)C1=C(C)NC(C)=C(C#N)[C@@H]1c1cnccc1-c1cccc2ccccc12,,CHEMBL3392229
[30000.0],Homo sapiens,2512792,169,Cc1ncc(-c2nc3c(-c4ccc5c(c4)[C@@]4(CCCN4C(=O)C4CC4)C(=O)N5C)ncnc3n2C)cn1,,CHEMBL4776201
[7100.0],Homo sapiens,2283156,169,CN(C)c1ccc(CC(=O)Nc2ccn(Cc3ccc(F)c(F)c3)n2)cc1,,CHEMBL4205005
[187000.0],Homo sapiens,62815,169,C=CCc1ccc(O)c(OC)c1,EUGENOL,CHEMBL42710
[30000.0],Homo sapiens,1948402,169,CCn1cc([C@@]2(c3nn(C)c(=O)o3)N[C@@H](c3nc(-c4ccc(F)cn4)c[nH]3)Cc3c2[nH]c2ccccc32)cn1,,CHEMBL3582336
[11000.0],Cavia porcellus,1480073,106600,CC1=C(C(=O)OC2CCCCC2)C(c2csc(-c3ccc(Cl)cc3)n2)C(C(=O)OC2CCCCC2)=C(C)N1,,CHEMBL2262235
[10.0],Oryctolagus cuniculus,627449,17056,COC(=O)C1=C(C)NC(C)=C(C(=O)OCCCCc2ccccc2)C1c1cccc([N+](=O)[O-])c1,,CHEMBL1096501
[24100.0],Rattus norvegicus,249888,10514,CC(/N=C(\NC#N)Nc1ccc(OC(F)F)cc1)C(C)(C)C,,CHEMBL151777
[30000.0],Homo sapiens,1143054,169,CN1CCN(c2ccc(-c3ccc4c(c3)CCNC4)cc2C(F)(F)F)CC1,,CHEMBL1770750
[6130.0],Oryctolagus cuniculus,1568944,17056,COC(=O)N1C(=O)N(C(=O)OC)C(c2cccc([N+](=O)[O-])c2)C(C(=O)OC(C)C)=C1C,,CHEMBL2398423
[954.99],Cavia porcellus,1474109,106600,CC1=C(C(=O)OC2CCCCC2)C(c2[nH]cnc2Cl)C(C(=O)OC2CCCCC2)=C(C)N1,,CHEMBL2238568
[3100.0],Rattus norvegicus,1972672,10514,COCCOc1ccc(F)cc1CCN1CCC(CC(=O)N[C@@H](c2ccc(F)cc2)C(C)C)CC1,,CHEMBL3638045
[262.0],Oryctolagus cuniculus,627780,17056,COC(=O)C1=C(C)NC(C)=C(C(=O)OCCC#N)[C@@H]1c1cccc([N+](=O)[O-])c1,,CHEMBL1098795
[10200.0],Cavia porcellus,1480092,106600,COC(=O)C1=C(C)NC(C)=C(C(=O)OCCc2ccccc2)C1c1csc(-c2ccc(Cl)cc2)n1,,CHEMBL2262254
[1480.0],Homo sapiens,2290327,169,Cc1cc(CC(=O)Nc2ccn(Cc3ccc(C#N)cn3)n2)ccc1OC(F)(F)F,,CHEMBL4212176
[15000.0],Homo sapiens,2236930,169,CCOc1cc(C(=O)Nc2cc(C(F)(F)F)ccn2)ccc1-c1nc(C23CCC(C(=O)O)(CC2)CC3)n2ccnc(N)c12,,CHEMBL4097019
[28.0],Oryctolagus cuniculus,627183,17056,COC(=O)C1=C(C)NC(C)=C(C(=O)OCC2CC2)C1c1cccc([N+](=O)[O-])c1,,CHEMBL1097858
[1470.0],Oryctolagus cuniculus,44525,17056,COC(=O)C1=C(C)N=C(C)/C(=C(/O)OC)C1(C)c1ccccc1,,CHEMBL30392
[38300.0],Rattus norvegicus,464655,10514,O=C(/C=C/c1ccc(O)c(O)c1/C=C/c1ccc(O)c(O)c1)O[C@H](Cc1ccc(O)c(O)c1)C(=O)O,SALVIANOLIC ACID A,CHEMBL457077
[220.0],Rattus norvegicus,46335,10514,CC(=O)OC1=C(c2ccccc2)Sc2ccccc2-n2cccc21,,CHEMBL33083
[2100.0],Rattus norvegicus,1972670,10514,COCCOc1c(F)cccc1CCN1CCC(CC(=O)N[C@@H](c2ccc(F)cc2)C(C)C)CC1,,CHEMBL3638043
[100000.0],Oryctolagus cuniculus,1560432,17056,C[C@@H]1[C@@H](N2C(=O)CC(=O)N(CCc3cccc(Cl)c3)C2=O)C[C@H]2C[C@@H]1C2(C)C,,CHEMBL2381027
[8.0],Oryctolagus cuniculus,627601,17056,CCOC(=O)C1=C(C)NC(C)=C(C(=O)OCC)C1c1ccccc1SC,,CHEMBL1099222
[1880.0],Homo sapiens,2142031,169,O=C(NCCc1ccccc1)N1N=C(c2ccc(Br)cc2)CC1c1ccc(F)cc1,,CHEMBL3932660
[10400.0],Oryctolagus cuniculus,1568941,17056,COC(=O)C1=C(C(C)C)NC(=O)N(C(=O)OC(C)C)C1c1cccc([N+](=O)[O-])c1,,CHEMBL2398420
[85100.0],Rattus norvegicus,3665,10514,O=c1cc(-c2ccccc2)oc2cc(O)c(O)c(O)c12,BAICALEIN,CHEMBL8260
[11700.0],Rattus norvegicus,6243,10514,CNCCCN1c2ccccc2CCc2ccccc21,DESIPRAMINE,CHEMBL72
[4750.0],Oryctolagus cuniculus,1568915,17056,CCOC(=O)C1=C(NC(C)=O)OC(C)=C(C(=O)OC)C1c1cccc([N+](=O)[O-])c1,,CHEMBL2398394
[1100.0],Cavia porcellus,140715,106600,N#Cc1cc2c(OCC(O)CN3CCN(C(c4ccccc4)c4ccccc4)CC3)cccc2[nH]1,,CHEMBL314639
[16100.0],Cavia porcellus,229058,106600,CCN(CC)CC#CCOC(=O)C(O)(c1ccccc1)C1CCCCC1,OXYBUTYNIN,CHEMBL1231
[173.0],Homo sapiens,1960691,169,CCCC[C@@H]1C[C@@](CCN(C)CCCc2nc3ccccc3[nH]2)(OC(=O)COC)[C@@H](C(C)C)c2ccc(F)cc21,,CHEMBL3609824
[250.0],Homo sapiens,1826178,169,CCOC(=O)C1=C(C)NC(C)=C(C#N)[C@@H]1c1cnccc1-c1ccccc1,,CHEMBL3392227
[8000.0],Oryctolagus cuniculus,1560325,17056,CC(CN1C(=O)CC(=O)N(C2CC3CCC2C3)C1=O)c1ccc(Cl)cc1,,CHEMBL2380921
[24900.0],Cavia porcellus,1480070,106600,CC1=C(C(=O)OCC(C)C)C(c2csc(-c3ccc(Cl)cc3)n2)C(C(=O)OCC(C)C)=C(C)N1,,CHEMBL2262232
[25118.9],Homo sapiens,321964,169,Cc1ccc(O)c([C@H](CCN(C(C)C)C(C)C)c2ccccc2)c1,TOLTERODINE,CHEMBL1382
[93.0],Rattus norvegicus,225957,10514,COc1ccc(CCN(C)CCCN2C(=O)CSC2c2cc(C(C)(C)C)c(O)c(C(C)(C)C)c2)cc1OC,,CHEMBL137151
[6100.0],Oryctolagus cuniculus,676758,17056,CCCCN(CCCC)CCCOc1ccc(C(=O)c2cnc3nc(C)ccn23)cc1.Cl.Cl,,CHEMBL1202807
[17000.0],Homo sapiens,1990343,169,COc1cc(F)c(-c2ccc(C(=O)O)cc2C)cc1-c1ccc(C(F)(F)F)cc1[C@@H]1CC[C@H]2[C@@H](c3cc(C(F)(F)F)cc(C(F)(F)F)c3)OC(=O)N12,,CHEMBL3657473
[30000.0],Homo sapiens,562204,169,Cn1cnnc1C1CCN(C(=O)NC2CC2c2ccccc2)CC1,,CHEMBL550652
[108.0],Oryctolagus cuniculus,627107,17056,COC(=O)C1=C(C)NC(C)=C(C(=O)OCC(C)[N+](=O)[O-])C1c1cccc([N+](=O)[O-])c1,,CHEMBL1096160
[3200.0],Homo sapiens,1441711,169,CCCN(C1CCN(Cc2c(OC)cccc2OC)CC1)S(=O)(=O)c1cccc(C(F)(F)F)c1,,CHEMBL2180891
[900.0],Oryctolagus cuniculus,627319,17056,COC(=O)C1=C(C)NC(C)=C(C(=O)O)C1c1cccc([N+](=O)[O-])c1,,CHEMBL1098515
[333000.0],Homo sapiens,1819703,169,N[C@@H](Cn1c(=O)cnc2ccc(F)cc21)[C@H]1CC[C@H](NCc2ncc3c(n2)NC(=O)CO3)CC1,,CHEMBL3355573
[12900.0],Oryctolagus cuniculus,1560298,17056,CC(C)C(=O)O[C@H]1CCC[C@@H]1N1C(=O)CC(=O)N(CCc2cccc(Cl)c2)C1=O,,CHEMBL2380895
[8600.0],Homo sapiens,2119630,169,Cc1ccc(C2(CCO)CC(c3ccncc3)=NN2C(=O)Nc2ccc(F)cc2)cc1,,CHEMBL3910259
[25.7],Cavia porcellus,495949,106600,COc1ccc([C@@H]2Sc3ccccc3N(CCN(C)CCc3ccc(OC)c(OC)c3)C(=O)[C@@H]2OC(C)=O)cc1,,CHEMBL463726
[30000.0],Homo sapiens,2174840,169,Cc1nccn1-c1ccc(-c2cn(CC(=O)Nc3cccc(Cl)c3Cl)nn2)cn1,,CHEMBL3965469
[4400.0],Rattus norvegicus,1171720,10514,CCC(CC)(CNC(=O)C1CCN(CCc2ccccc2)CC1)c1ccc(F)cc1,,CHEMBL1819511
[280.0],Cavia porcellus,2166,106600,CCCC(C)C1(CC)C(=O)NC(=S)NC1=O,THIOPENTAL,CHEMBL441
[1400.0],Homo sapiens,1782789,169,CSCC[C@@H]1NC(=O)CNC(=O)[C@H](CCC(=O)O)NC(=O)[C@@H]2CSSC[C@H](NC(=O)[C@@H](N)Cc3ccc(O)cc3)C(=O)N[C@@H](CCC(N)=O)C(=O)N[C@@H](CCCCN)C(=O)N[C@@H](Cc3c[nH]c4ccccc34)C(=O)N[C@@H](CCSC)C(=O)N[C@@H](Cc3c[nH]c4ccccc34)C(=O)N[C@@H]([C@@H](C)O)C(=O)N[C@H]3CSSC[C@H](NC(=O)[C@H](C(C)C)NC1=O)C(=O)N[C@@H](CCCNC(=N)N)C(=O)N[C@@H](CC(C)C)C(=O)N[C@@H](Cc1c[nH]c4ccccc14)C(=O)N[C@H](C(=O)N[C@@H](CCCCN)C(=O)N[C@@H](CCCCN)C(=O)N[C@@H](CCCCN)C(=O)N[C@@H](CC(C)C)C(=O)N[C@@H](Cc1c[nH]c4ccccc14)C(N)=O)CSSC[C@H](NC(=O)[C@H](CCCCN)NC(=O)[C@H](CCCNC(=N)N)NC(=O)[C@H](CCC(=O)O)NC(=O)[C@H](CO)NC(=O)[C@H](CC(=O)O)NC3=O)C(=O)N2,,CHEMBL3318147
[621.0],Cavia porcellus,1471740,106600,CSc1ncc(C2C(C(=O)OCC3CCCCC3)=C(C)NC(C)=C2C(=O)OCC2CCCCC2)n1Nc1ccccc1,,CHEMBL2236223
[460.0],Oryctolagus cuniculus,626818,17056,CCOC(=O)C1=C(C)NC(C(OCC)OCC)=C(C(=O)OCC)C1c1cccc([N+](=O)[O-])c1,,CHEMBL1098062
[10000.0],Rattus norvegicus,1562122,10514,C[C@@H]1CN(Cc2ccc(F)cc2)[C@H](Cc2ccccc2)CN1,,CHEMBL2385366
[4000.0],Cavia porcellus,1972661,106600,COc1ccc2c(=O)c3c(n(Cc4ccccc4)c2c1)OCC3=O,,CHEMBL3638034
[22.0],Oryctolagus cuniculus,626820,17056,CCOC(=O)C1=C(C)NC(/C=C/C#N)=C(C(=O)OCC)C1c1cccc([N+](=O)[O-])c1,,CHEMBL1098064
[30000.0],Homo sapiens,2448359,169,O=C(O)CNC(=O)c1c(O)c2c(n(Cc3ccc(C(F)(F)F)cc3)c1=O)COC2,,CHEMBL4577928
[4800.0],Cavia porcellus,1480068,106600,CCCOC(=O)C1=C(C)NC(C)=C(C(=O)OCCC)C1c1csc(-c2ccc(Cl)cc2)n1,,CHEMBL2262230
[9.65],Cavia porcellus,1471752,106600,COCCOC(=O)C1=C(C)NC(C)=C(C(=O)OC)C1c1cnc(SC)n1Nc1ccccc1,,CHEMBL2236235
[30000.0],Homo sapiens,2122846,169,CC1=C(N2CCC3(CCN(C[C@H](O)c4ccc5c(c4C)COC5=O)CC3)C2=O)COC1=O,,CHEMBL3913475
[1995.26],Homo sapiens,460466,169,C[C@@H](O)[C@H]1C(=O)N2C(C(=O)O)=C(S[C@@H]3CN[C@H](CNS(N)(=O)=O)C3)[C@H](C)[C@H]12,DORIPENEM,CHEMBL491571
[8100.0],Oryctolagus cuniculus,1560314,17056,O=C1CC(=O)N(C2CCCC2)C(=O)N1CC(c1ccccc1)c1ccccc1,,CHEMBL2380910
[2000.0],Cavia porcellus,72873,106600,C/C=C/C[C@@H](C)[C@@H](O)[C@H]1C(=O)N[C@@H](CC)C(=O)N(C)CC(=O)N(C)[C@@H](CC(C)C)C(=O)N[C@@H](C(C)C)C(=O)N(C)[C@@H](CC(C)C)C(=O)N[C@@H](C)C(=O)N[C@H](C)C(=O)N(C)[C@@H](CC(C)C)C(=O)N(C)[C@@H](CC(C)C)C(=O)N(C)[C@@H](C(C)C)C(=O)N1C,CYCLOSPORINE,CHEMBL160
[5200.0],Rattus norvegicus,2355,10514,CCN(CC)CCCC(C)Nc1c2ccc(Cl)cc2nc2ccc(OC)cc12,QUINACRINE,CHEMBL7568
[37200.0],Cavia porcellus,1480069,106600,CC1=C(C(=O)OC(C)C)C(c2csc(-c3ccc(Cl)cc3)n2)C(C(=O)OC(C)C)=C(C)N1,,CHEMBL2262231
[600.0],Oryctolagus cuniculus,676774,17056,CCCCN(CCCC)CCCOc1ccc(-c2cn3nccnc3n2)cc1.Cl.Cl,,CHEMBL1202823
[4500.0],Homo sapiens,2243865,169,C[C@H]1CC[C@@H](c2nc(-c3ccc(C(=O)Nc4cc(C(F)(F)F)ccn4)cc3F)c3c(N)nccn23)CN1C(=O)C1CC1,,CHEMBL4103954
[24800.0],Oryctolagus cuniculus,1560303,17056,O=C1CC(=O)N(C2CCc3ccccc32)C(=O)N1C1CCCC1,,CHEMBL2380899
[4430.0],Cavia porcellus,1480066,106600,COC(=O)C1=C(C)NC(C)=C(C(=O)OC)C1c1csc(-c2ccc(Cl)cc2)n1,,CHEMBL2262228
[6309.57],Homo sapiens,561914,169,O=C(O[C@H]1CN2CCC1CC2)N1CCc2ccccc2[C@@H]1c1ccccc1,SOLIFENACIN,CHEMBL1734
[51.0],Oryctolagus cuniculus,627781,17056,CCOC(=O)C1=C(C)NC(C)=C(C(=O)OCCC#N)[C@H]1c1cccc([N+](=O)[O-])c1,,CHEMBL1098796
[143.0],Oryctolagus cuniculus,627779,17056,COC(=O)C1=C(C)NC(C)=C(C(=O)OCCC#N)[C@H]1c1cccc([N+](=O)[O-])c1,,CHEMBL1098794
[6000.0],Oryctolagus cuniculus,678216,17056,CCCCN(CCCC)CCCOc1ccc(-c2cn3ccc(C)cc3n2)cc1.Cl.Cl.Cl,,CHEMBL1204265
[3500.0],Homo sapiens,414914,169,CC(C)N1C(=O)[C@H](NC(=O)[C@@H](Cc2ccccc2OC(F)(F)F)NC(=O)OC(C)(C)C)CCc2ccccc21,,CHEMBL247828
[50000.0],Homo sapiens,2791152,169,O=c1cc(CO)n(-c2c(Cl)cccc2Cl)c2c(Cl)cnc(OC[C@@H](O)CO)c12,,CHEMBL5271450
[30000.0],Homo sapiens,1624813,169,Cc1nc2c(s1)CC[C@H]2C(=O)Nc1ccc(C[C@@H]2CC[C@H]([C@H](O)c3cccnc3)N2)cc1,,CHEMBL3128180
[15400.0],Cavia porcellus,1480083,106600,CCOC(=O)C1=C(C)NC(C)=C(C(=O)OCC(C)C)C1c1csc(-c2ccc(Cl)cc2)n1,,CHEMBL2262245
[0.1321],Cavia porcellus,1479016,106600,CCc1nc(Cl)c(C2C(C(=O)OC3CCCCC3)=C(C)NC(C)=C2C(=O)OC2CCCCC2)[nH]1,,CHEMBL2261188
[143.0],Cavia porcellus,321964,106600,Cc1ccc(O)c([C@H](CCN(C(C)C)C(C)C)c2ccccc2)c1,TOLTERODINE,CHEMBL1382
[130.0],Oryctolagus cuniculus,627034,17056,CCOC(=O)C1=C(C)NC(C)=C(C(=O)OCc2ccc([N+](=O)[O-])cc2)C1c1cccc([N+](=O)[O-])c1,,CHEMBL1095557
[30000.0],Homo sapiens,2069106,169,C[C@@H](C(=O)Nc1ccc(C[C@@H]2CC[C@H]([C@H](O)c3cccnc3)N2)cc1)n1ncccc1=O,,CHEMBL3763998
[100000.0],Oryctolagus cuniculus,1560424,17056,C[C@@H](C1CCCCC1)N1C(=O)CC(=O)N(CCc2cccc(Cl)c2)C1=O,,CHEMBL2381019
[30000.0],Homo sapiens,558597,169,O=C(NC1CC1c1ccccc1)N1CCC(c2nnco2)CC1,,CHEMBL561379
[20000.0],Homo sapiens,500910,169,O=C(N[C@H]1C[C@@H]1c1ccccc1)N1CCC2(CCc3ncccc3O2)CC1,,CHEMBL522211
[590.0],Homo sapiens,13494,169,Clc1ccccc1C(c1ccccc1)(c1ccccc1)n1ccnc1,CLOTRIMAZOLE,CHEMBL104
[71900.0],Cavia porcellus,1480088,106600,COC(=O)C1=C(C)NC(C)=C(C(=O)OC2CCCCC2)C1c1csc(-c2ccc(Cl)cc2)n1,,CHEMBL2262250
[2.79],Cavia porcellus,1471747,106600,CSc1ncc(C2C(C(=O)OCCc3ccccc3)=C(C)NC(C)=C2C(=O)OCCc2ccccc2)n1Nc1ccccc1,,CHEMBL2236230
[1100.0],Cavia porcellus,171563,106600,O=C(/C=C/c1ccc(O)c(O)c1)OCCc1ccccc1,CAFFEIC ACID PHENETHYL ESTER,CHEMBL319244
[1930.0],Oryctolagus cuniculus,1568943,17056,CC(C)OC(=O)C1=C(C(C)C)NC(=O)N(C(=O)OC(C)C)C1c1cccc([N+](=O)[O-])c1,,CHEMBL2398422
[1400.0],Homo sapiens,112651,169,CC(C)COCC(CN(Cc1ccccc1)c1ccccc1)N1CCCC1,BEPRIDIL,CHEMBL1008
[50.0],Oryctolagus cuniculus,627782,17056,CCOC(=O)C1=C(C)NC(C)=C(C(=O)OCCC#N)[C@@H]1c1cccc([N+](=O)[O-])c1,,CHEMBL1095663
[30000.0],Homo sapiens,555141,169,O=C(NC1CC1c1ccccc1)N1CCC(c2ncon2)CC1,,CHEMBL561259
[2800.0],Homo sapiens,2289795,169,O=C(Cc1cccc(Cl)c1)Nc1ccn(Cc2ccccc2)n1,,CHEMBL4211644
[10000.0],Oryctolagus cuniculus,1560301,17056,C[C@H](c1cccc2ccccc12)N1C(=O)CC(=O)N(CCc2cccc(Cl)c2)C1=O,,CHEMBL2380897
[30000.0],Homo sapiens,560403,169,Cc1c(O)noc1C1CCN(C(=O)NC2CC2c2ccccc2)CC1,,CHEMBL552196
[100000.0],Rattus norvegicus,42646,10514,O=C1CC(c2ccc(O)cc2)Oc2cc(O)cc(O)c21,,CHEMBL32571
[100000.0],Oryctolagus cuniculus,1560306,17056,O=C1CC(=O)N(C2CCCC2)C(=O)N1c1cccc(C(F)(F)F)c1,,CHEMBL2380902
[1340.0],Homo sapiens,2152056,169,O=C(NC1CCCCC1)N1N=C(c2ccc(Br)cc2)CC1c1ccc(F)cc1,,CHEMBL3942685
[21000.0],Oryctolagus cuniculus,1560421,17056,C[C@H]1CCC[C@@H]1N1C(=O)CC(=O)N(CCc2cccc(Cl)c2)C1=O,,CHEMBL2381016
[24.0],Rattus norvegicus,45764,10514,COc1ccc(CCN(C)CCCOc2ccc(S(=O)(=O)c3c(C(C)C)c4ccccc4n3C)cc2)cc1OC,,CHEMBL33620
[121.0],Cavia porcellus,1471745,106600,CSc1ncc(C2C(C(=O)OC(C)(C)C)=C(C)NC(C)=C2C(=O)OC(C)(C)C)n1Nc1ccccc1,,CHEMBL2236228
[430.0],Rattus norvegicus,226321,10514,CN(CCCN1C(=O)CSC1c1cc(C(C)(C)C)c(O)c(C(C)(C)C)c1)CC(O)COc1ccc2c(c1)OCO2,,CHEMBL137324
[17800.0],Cavia porcellus,1471153,106600,COC(=O)C1=C(C)NC(C)=C(C(=O)OC)C1c1ccc(-c2cc(=O)cc(C)o2)cc1,,CHEMBL2235642
[28000.0],Homo sapiens,501001,169,Cn1nccc1-c1ccc2c(c1)C(=O)CC1(CCN(C(=O)N[C@H]3C[C@@H]3c3ccccc3)CC1)O2,,CHEMBL495792
[4710.0],Cavia porcellus,1471151,106600,COC(=O)C1=C(C)NC(C)=C(C(=O)OC)C1c1ccc(-c2cc(=O)cc(-c3ccccc3)o2)cc1,,CHEMBL2235640
[1600.0],Oryctolagus cuniculus,676765,17056,CCCCN(CCCC)CCCOc1ccc(C(=O)c2cn3ccc(C)cc3n2)cc1.Cl,,CHEMBL1202814
[0.13],Cavia porcellus,1479011,106600,CCCOC(=O)C1=C(C)NC(C)=C(C(=O)OCCC)C1c1[nH]c(CC)nc1Cl,,CHEMBL2261183
[97.72],Cavia porcellus,1474108,106600,CC1=C(C(=O)OC2CCCC2)C(c2[nH]cnc2Cl)C(C(=O)OC2CCCC2)=C(C)N1,,CHEMBL2238567
[16.0],Oryctolagus cuniculus,627180,17056,COC(=O)C1=C(C)NC(C)=C(C(=O)OCC(F)(F)F)C1c1cccc([N+](=O)[O-])c1,,CHEMBL1098474
[210.0],Rattus norvegicus,225833,10514,CC(C)(C)c1cc(C2SCC(=O)N2CCCN2CCC(Cc3ccccc3)CC2)cc(C(C)(C)C)c1O,,CHEMBL335343
[630.0],Oryctolagus cuniculus,627691,17056,CCOC(=O)C1=C(C)NC(C)=C(C(=O)OCC)C1(C)c1ccccc1,,CHEMBL1098491
[2800.0],Oryctolagus cuniculus,1560328,17056,CC(C)(CN1C(=O)CC(=O)N(C2CC3CCC2C3)C1=O)c1cccc(Cl)c1,,CHEMBL2380924
[100000.0],Homo sapiens,2775168,169,Cn1nc(C(=O)O)cc1COc1cccc([C@@H](NC(=O)O[C@H]2CN3CCC2CC3)c2ccccc2)c1,,CHEMBL5203937
[750.0],Homo sapiens,2756164,169,CNCC[C@@](O)(c1cccc2ccccc12)[C@H](c1ccccc1)c1cc2cc(Br)ccc2nc1OC,,CHEMBL5184933
[18700.0],Oryctolagus cuniculus,1560317,17056,O=C1CC(=O)N(C2CCCC2)C(=O)N1CCc1ccc(OCc2ccccc2)cc1,,CHEMBL2380913
[20000.0],Oryctolagus cuniculus,1560302,17056,O=C1CC(=O)N(C2CCCc3ccccc32)C(=O)N1C1CCCC1,,CHEMBL2380898
[100000.0],Oryctolagus cuniculus,1560321,17056,O=C1CC(=O)N(C2CCCC2)C(=O)N1CC1(c2ccc(Cl)cc2)CC1,,CHEMBL2380917
[13000.0],Oryctolagus cuniculus,1560414,17056,C[C@@H]1CCC[C@@H]1N1C(=O)CC(=O)N(CCc2cccc(Cl)c2)C1=O,,CHEMBL2381009
[3300.0],Oryctolagus cuniculus,1560310,17056,O=C1CC(=O)N(C2CCCC2)C(=O)N1CCc1cc(Cl)cc(Cl)c1,,CHEMBL2380906
[9.0],Oryctolagus cuniculus,627452,17056,COC(=O)C1=C(C)NC(C)=C(C(=O)OCCOCc2ccccc2)C1c1cccc([N+](=O)[O-])c1,,CHEMBL1098856
[30000.0],Homo sapiens,2729381,169,CCNC(=N)NC(=O)Nc1c(CC)cc(C(=O)NC(C)C)cc1CC,,CHEMBL5084930
[6800.0],Rattus norvegicus,1972669,10514,COc1ccccc1CCN1CCC(CC(=O)N[C@@H](c2ccc(F)cc2)C(C)C)CC1,,CHEMBL3638042
[33400.0],Oryctolagus cuniculus,1560285,17056,COC(=O)C1(N2C(=O)CC(=O)N(CCc3cccc(Cl)c3)C2=O)CCCC1,,CHEMBL2380882
[3000.0],Rattus norvegicus,8917,10514,Clc1ccc(COC(Cn2ccnc2)c2ccc(Cl)cc2Cl)c(Cl)c1,MICONAZOLE,CHEMBL91
[100.0],Rattus norvegicus,318390,10514,C=C(C)[C@@H]1CCC(C)=C[C@H]1c1c(O)cc(CCCCC)cc1O,CANNABIDIOL,CHEMBL190461
[3650.0],Cavia porcellus,1480067,106600,CCOC(=O)C1=C(C)NC(C)=C(C(=O)OCC)C1c1csc(-c2ccc(Cl)cc2)n1,,CHEMBL2262229
[30000.0],Homo sapiens,567538,169,O=C(NC1CC1c1ccccc1)N1CCC(c2nc(-c3ccncc3)no2)CC1,,CHEMBL556487
[12.0],Rattus norvegicus,163051,10514,CC(=O)O[C@@H]1c2ccc(CN(C)C)n2-c2cccc(Cl)c2S[C@@H]1c1ccccc1,,CHEMBL100709
[30000.0],Homo sapiens,2069105,169,C[C@@H](C(=O)Nc1ccc(C[C@@H]2CC[C@H]([C@H](O)c3ccccc3)N2)cc1)n1ncccc1=O,,CHEMBL3765335
[2.91],Cavia porcellus,1471728,106600,CCOC(=O)C1=C(C)NC(C)=C(C(=O)OCCOC)C1c1cnc(SC)n1Nc1ccccc1,,CHEMBL2236211
[600.0],Rattus norvegicus,225972,10514,CN(CCCN1C(=O)CSC1c1cc(C(C)(C)C)c(O)c(C(C)(C)C)c1)Cc1ccccc1,,CHEMBL137436
[100.0],Homo sapiens,1826181,169,CCOC(=O)C1=C(C)NC(C)=C(C#N)[C@@H]1c1cnccc1-c1ccc2ccccc2c1,,CHEMBL3392230
[30.9],Oryctolagus cuniculus,128055,17056,CO/C(O)=C1\C(C)=NC(C)=C(C(=O)OCN2C(=O)c3ccccc3S2(=O)=O)C1c1ccccc1[N+](=O)[O-],,CHEMBL77615
[50000.0],Homo sapiens,2791753,169,O=c1cc(CO)n(-c2c(Cl)cccc2Cl)c2c(Cl)cnc(OC[C@H](O)CO)c12,,CHEMBL5272051
[16130.0],Oryctolagus cuniculus,1568918,17056,COC(=O)C1=C(C)N=C(SC)N(C(=O)OC(C)C)C1c1cccc([N+](=O)[O-])c1,,CHEMBL2398397
[46000.0],Oryctolagus cuniculus,1560422,17056,CC1CCC(N2C(=O)CC(=O)N(CCc3cccc(Cl)c3)C2=O)CC1,,CHEMBL2381017
[43000.0],Oryctolagus cuniculus,1560419,17056,CC1(C)CCC(N2C(=O)CC(=O)N(CCc3cccc(Cl)c3)C2=O)C1,,CHEMBL2381014
[2360.0],Homo sapiens,2133085,169,CC(C)NC(=O)N1N=C(c2ccc(Br)cc2)CC1c1ccc(F)cc1,,CHEMBL3923714
[76600.0],Oryctolagus cuniculus,1560410,17056,O=C1CC(=O)N([C@@H]2C[C@@H]3CC[C@H]2C3)C(=O)N1CCc1cccc(C(F)(F)F)c1,,CHEMBL2381005
[30000.0],Homo sapiens,2424788,169,CCNC1=N[C@H]2[C@H](O[C@H](CO)C(F)[C@@H]2O)S1,,CHEMBL4554360
[2400.0],Rattus norvegicus,224997,10514,CNCCCN1C(=O)CSC1c1cc(C(C)(C)C)c(O)c(C(C)(C)C)c1,,CHEMBL137514
[200.0],Oryctolagus cuniculus,676769,17056,CCCCN(CCCC)CCCOc1ccc(C(=O)c2cnc3ccc(Br)cn23)cc1.Cl,,CHEMBL1202818
[6150.0],Oryctolagus cuniculus,1560305,17056,C[C@H](c1cccc2ccccc12)N1C(=O)CC(=O)N(C2CCCC2)C1=O,,CHEMBL2380901
[3310.0],Homo sapiens,2287058,169,Cc1cc(CC(=O)Nc2ccn(Cc3ccc(C#N)cn3)n2)ccc1OCC(F)(F)F,,CHEMBL4208907
[74600.0],Oryctolagus cuniculus,445611,17056,CC(C)[C@@H]1CC[C@@H](C)C[C@H]1O,LEVOMENTHOL,CHEMBL470670
[1725.0],Homo sapiens,414915,169,CC(C)N1C(=O)[C@@H](NC(=O)[C@@H](Cc2ccccc2OC(F)(F)F)NC(=O)OC(C)(C)C)CCc2ccccc21,,CHEMBL247829
[3.0],Homo sapiens,554892,169,COC(=O)C1=C(C)NC(C)=C(C(=O)OCC(C)C)C1c1ccccc1[N+](=O)[O-],NISOLDIPINE,CHEMBL1726
[100000.0],Oryctolagus cuniculus,1560447,17056,O=C1CC(=O)N([C@H]2C[C@H]3CC[C@@H]2C3)C(=O)N1CCc1ccc(Cl)cc1,,CHEMBL2381042
[15000.0],Homo sapiens,560430,169,O=C(Nc1ccc(C(F)(F)F)cc1)N1CCC(c2nc(-c3ccccn3)no2)CC1,,CHEMBL555347
[347.0],Homo sapiens,1960689,169,CC(C)C(=O)O[C@]1(CCN(C)CCCc2nc3ccccc3[nH]2)CCc2cc(F)ccc2[C@@H]1C(C)C,,CHEMBL3609822
[15300.0],Cavia porcellus,1383516,106600,CC(N)CCCC(C)(C)O,HEPTAMINOL,CHEMBL2111076
[33300.0],Homo sapiens,2364566,169,NC(=O)c1ccc(Cc2ccccc2)cc1-c1cccc(CCC(=O)O)c1,,CHEMBL4457557
[20000.0],Cavia porcellus,2658,106600,O=c1c(-c2ccc(O)cc2)coc2cc(O)cc(O)c12,GENISTEIN,CHEMBL44
[3.15],Cavia porcellus,1471748,106600,CSc1ncc(C2C(C(=O)OCCCc3ccccc3)=C(C)NC(C)=C2C(=O)OCCCc2ccccc2)n1Nc1ccccc1,,CHEMBL2236231
[8350.0],Homo sapiens,2727162,169,CCNC(=N)NC(=O)Nc1c(CC)cccc1CC,,CHEMBL5082711
[3.54],Cavia porcellus,1471741,106600,COC(=O)C1=C(C)NC(C)=C(C(=O)OC)C1c1cnc(SC)n1Nc1ccccc1,,CHEMBL2236224
[313.0],Oryctolagus cuniculus,626909,17056,CCOC(=O)C1=C(C)NC(C=CC(=O)OC)=C(C(=O)OCC)C1c1cccc([N+](=O)[O-])c1,,CHEMBL1095091
[30000.0],Homo sapiens,2029739,169,Cc1c([C@@H](O)CN2CCN(C[C@H](O)c3ccc4c(c3C)COC4=O)CC2)ccc2c1COC2=O,MK-7145,CHEMBL3696475
[4073.8],Cavia porcellus,1474107,106600,CC1=C(C(=O)OC(C)(C)C)C(c2[nH]cnc2Cl)C(C(=O)OC(C)(C)C)=C(C)N1,,CHEMBL2238566
[1.49],Cavia porcellus,1471746,106600,CSc1ncc(C2C(C(=O)OCc3ccccc3)=C(C)NC(C)=C2C(=O)OCc2ccccc2)n1Nc1ccccc1,,CHEMBL2236229
[3000.0],Oryctolagus cuniculus,676766,17056,CCCCN(CCCC)CCCOc1ccc(C(=O)c2cn3cc(Br)ccc3n2)cc1.Cl.Cl,,CHEMBL1202815
[2500.0],Oryctolagus cuniculus,678228,17056,CCCCN(CCCC)CCCOc1ccc(-c2cn3cc(Br)ccc3n2)cc1.Cl.Cl,,CHEMBL1204277
[30000.0],Homo sapiens,2720361,169,CCNC(=N)NC(=O)Nc1c(CC)cc(S(=O)(=O)NCC)cc1CC,,CHEMBL5075910
[19.0],Oryctolagus cuniculus,627388,17056,COC(=O)C1=C(C)NC(C)=C(C(=O)OCCOc2ccccc2Cl)C1c1cccc([N+](=O)[O-])c1,,CHEMBL1096843
[2.9],Oryctolagus cuniculus,127887,17056,COCCO/C(O)=C1\C(C)=NC(C)=C(C(=O)OCN2C(=O)c3ccccc3S2(=O)=O)C1c1cccc(Cl)c1Cl,,CHEMBL78651
[30000.0],Homo sapiens,2392160,169,CCNC1=N[C@H]2[C@H](O[C@H](CO)C[C@@H]2O)S1,,CHEMBL4520749
[2820.0],Rattus norvegicus,2223,10514,CNCCC(Oc1ccc(C(F)(F)F)cc1)c1ccccc1,FLUOXETINE,CHEMBL41
[10600.0],Rattus norvegicus,1745845,10514,CCOC(=O)C1=C(C)NC(c2ccccc2)=CC1c1ccc(C)cc1,,CHEMBL3260892
[4800.0],Homo sapiens,2137442,169,COc1ccc([C@]2(CCO)CC(c3cccnc3)=NN2C(=O)Nc2ccc(Br)cc2)cc1,,CHEMBL3928071
[30000.0],Homo sapiens,2384079,169,CCN(C)C1=N[C@@H]2[C@@H](O)[C@H](O)[C@@H](CO)O[C@@H]2S1,,CHEMBL4483089
[340.0],Rattus norvegicus,645466,10514,CC1(C)CC(=O)C2=C(C1)NC(c1ccccc1)=CC2c1ccccc1,,CHEMBL1164066
[16230.0],Homo sapiens,2422214,169,CCOC(=O)N1CC/C(=C\C#Cc2cccc(C)n2)C1,,CHEMBL4551786
[0.04365],Cavia porcellus,1473487,106600,CCc1nc(C2C(C(=O)OCCc3ccccc3)=C(C)NC(C)=C2C(=O)OCCc2ccccc2)c(Cl)[nH]1,,CHEMBL2237953
[15090.0],Homo sapiens,2106028,169,O=C(O)CCc1cc2cc(-c3cc(OC(F)(F)F)ccc3F)ccc2o1,,CHEMBL3896657
[6.71],Cavia porcellus,1471736,106600,CSc1ncc(C2C(C(=O)OCC(C)C)=C(C)NC(C)=C2C(=O)OCC(C)C)n1Nc1ccccc1,,CHEMBL2236219
[410.0],Oryctolagus cuniculus,627104,17056,COC(=O)C1=C(C)NC(C)=C(C(=O)OCCNC(=O)C(F)(F)F)C1c1cccc([N+](=O)[O-])c1,,CHEMBL1097879
[150.0],Rattus norvegicus,46107,10514,CCCC(=O)OC1=C(c2ccc(OC)cc2)Sc2ccccc2-n2cccc21,,CHEMBL33609
[25600.0],Homo sapiens,1146312,169,CC#CC(CC(=O)O)c1ccc(Oc2ccc(C(F)(F)F)cc2OC(F)F)cc1F,,CHEMBL1777855
[6.35],Cavia porcellus,1471751,106600,COC(=O)C1=C(C)NC(C)=C(C(=O)OC(C)C)C1c1cnc(SC)n1Nc1ccccc1,,CHEMBL2236234
[7000.0],Homo sapiens,1990393,169,COc1ccc([C@@H]2C[C@@H](O)[C@@H](O)C2)cc1-c1ccc(C(F)(F)F)cc1[C@@H]1CC[C@H]2[C@@H](c3cc(C(F)(F)F)cc(C(F)(F)F)c3)OC(=O)N12,,CHEMBL3657523
[3.22],Cavia porcellus,1471727,106600,CCOC(=O)C1=C(C)NC(C)=C(C(=O)OC(C)C)C1c1cnc(SC)n1Nc1ccccc1,,CHEMBL2236210
[1780.0],Rattus norvegicus,1562127,10514,C[C@@H]1CN(C(c2ccccc2)c2ccccc2)[C@H](Cc2ccccc2)CN1,,CHEMBL2385371
[47000.0],Oryctolagus cuniculus,1560430,17056,CC1(C)[C@@H]2CC[C@H](CN3C(=O)CC(=O)N(CCc4cccc(Cl)c4)C3=O)[C@H]1C2,,CHEMBL2381025
[30000.0],Homo sapiens,1948539,169,Fc1cncc(-c2nc3cc(F)c(F)cc3n2C2CC2)c1,,CHEMBL3582472
[31600.0],Homo sapiens,1527666,169,CC(C)(C)NC(=O)NCCN1CCC(CO)(CNC(=O)c2cc(Cl)cc(Cl)c2)CC1,,CHEMBL2337981
[2180.0],Homo sapiens,2178391,169,O=C(Nc1ccccn1)N1N=C(c2ccc(Br)cc2)CC1c1ccc(F)cc1,,CHEMBL3969020
[30000.0],Homo sapiens,2068914,169,O=C(Cn1ncccc1=O)Nc1ccc(C[C@@H]2CC[C@H]([C@H](O)c3ccccc3)N2)cc1,,CHEMBL3764088
[30000.0],Homo sapiens,2440809,169,CCNC1=N[C@@H]2[C@@H](O)[C@H](O)[C@@H](COC)O[C@@H]2S1,,CHEMBL4570378
[38000.0],Rattus norvegicus,1972674,10514,COCCOc1ccccc1CCN1CCC(CC(=O)N[C@@H](c2ccc(F)cc2)C(C)C)CC1,,CHEMBL3638047
[471000.0],Homo sapiens,150423,169,CCCNC(C)C(=O)Nc1c(C)csc1C(=O)OC,ARTICAINE,CHEMBL1093
[5900.0],Homo sapiens,1618171,169,COC(=O)C(CCC(=O)N1CCN(c2ccccc2OC)CC1)(c1ccc(Br)cc1)C(C)C,,CHEMBL3115195
[30000.0],Homo sapiens,2143120,169,Cc1c([C@@H]2CN3CCN(C(=O)Cc4ccc(-n5cnnn5)cn4)C[C@H]3CO2)ccc(F)c1C#N,,CHEMBL3933749
[50000.0],Homo sapiens,2744096,169,Cn1nc(C(=O)OCCCCNC[C@H](O)c2ccc(O)c3[nH]c(=O)ccc23)cc1COc1cccc([C@@H](NC(=O)O[C@H]2CN3CCC2CC3)c2ccccc2)c1,,CHEMBL5172865
[30000.0],Homo sapiens,2068916,169,O=C(Cn1cccnc1=O)Nc1ccc(C[C@@H]2CC[C@H]([C@H](O)c3ccccc3)N2)cc1,,CHEMBL3763594
[3200.0],Rattus norvegicus,420732,10514,O=C1C=CC[C@H](C[C@@H](O)CCc2ccc(O)cc2)O1,,CHEMBL250638
[10600.0],Oryctolagus cuniculus,1560287,17056,CC(C)C(=O)OCC1(N2C(=O)CC(=O)N(CCc3cccc(Cl)c3)C2=O)CCCC1,,CHEMBL2380884
[0.9057],Cavia porcellus,1473486,106600,CCc1nc(C2C(C(=O)OCc3ccccc3)=C(C)NC(C)=C2C(=O)OCc2ccccc2)c(Cl)[nH]1,,CHEMBL2237952
[500000.0],Homo sapiens,2546556,169,C[C@H](N)[C@@H]1CCN(c2c(F)cc3cc(C(=O)O)c(=O)n4c3c2OC[C@@H]4C)C1,,CHEMBL4852785
[0.4875],Cavia porcellus,1479020,106600,CCc1nc(Cl)c(C2C(C(=O)OC)=C(C)NC(C)=C2C(=O)OC(C)C)[nH]1,,CHEMBL2261192
[10.1],Oryctolagus cuniculus,128405,17056,CC1=NC(C)=C(C(=O)OCN2C(=O)c3ccccc3S2(=O)=O)C(c2ccccc2Cl)/C1=C(\O)OCC1CCCO1,,CHEMBL79740
[13400.0],Oryctolagus cuniculus,1560320,17056,COC(=O)C(Cc1ccc(Cl)cc1)N1C(=O)CC(=O)N(C2CCCC2)C1=O,,CHEMBL2380916
[1760.0],Oryctolagus cuniculus,626651,17056,CCOC(=O)C1=C(C)NC(COC)=C(C(=O)OC)C1c1ccccc1[N+](=O)[O-],,CHEMBL1096377
[2600.0],Oryctolagus cuniculus,1560312,17056,O=C1CC(=O)N(C2CCCC2)C(=O)N1CCc1cc(C(F)(F)F)cc(C(F)(F)F)c1,,CHEMBL2380908
[99.77],Cavia porcellus,1479025,106600,CCOC(=O)C1=C(C)NC(C)=C(C(=O)OC(C)(C)C)C1c1[nH]c(CC)nc1Cl,,CHEMBL2261197
[27000.0],Cavia porcellus,1972680,106600,CCNCC#CC(C)(C)OC(=O)C(O)(c1ccccc1)C1CCCCC1,,CHEMBL3638053
[4090.0],Cavia porcellus,1480079,106600,CCCOC(=O)C1=C(C)NC(C)=C(C(=O)OCC)C1c1csc(-c2ccc(Cl)cc2)n1,,CHEMBL2262241
[311000.0],Homo sapiens,341382,169,COc1ccccc1OCC(O)CN1CCN(CC(=O)Nc2c(C)cccc2C)CC1,RANOLAZINE,CHEMBL1404
[36000.0],Homo sapiens,1589794,169,COc1ccsc1CNCC[C@@]1(c2ccccn2)CCOC2(CCCC2)C1,OLICERIDINE,CHEMBL2443262
[8200.0],Rattus norvegicus,1562118,10514,Cc1ccc(S(=O)(=O)N2C[C@@H](CCCCO[Si](C)(C)C(C)(C)C)N(C(c3ccccc3)c3ccccc3)C[C@H]2C)cc1,,CHEMBL2385362
[1780.0],Rattus norvegicus,1562114,10514,CCCCC[C@@H]1CN[C@H](C)CN1C(c1ccccc1)c1ccccc1,,CHEMBL2385358
[10700.0],Homo sapiens,2489461,169,C[C@H](NC(=O)c1cc(C(F)(F)F)nn1C)c1nc(-c2ccnc(C(F)(F)F)c2)no1,,CHEMBL4741793
[30000.0],Homo sapiens,2112846,169,Cc1cn(-c2ccc(-c3cn(CC(=O)Nc4cccc(Cl)c4Cl)nn3)cc2F)cn1,,CHEMBL3903475
[3900.0],Rattus norvegicus,1972668,10514,CC(C)C(CNC(=O)C1CCN(CCc2ccccc2)CC1)c1ccc(F)cc1,,CHEMBL3638041
[5600.0],Cavia porcellus,2355,106600,CCN(CC)CCCC(C)Nc1c2ccc(Cl)cc2nc2ccc(OC)cc12,QUINACRINE,CHEMBL7568
[33300.0],Oryctolagus cuniculus,627036,17056,CCOC(=O)C1=C(C)NC(C)=C(C(=O)OC=O)C1c1cccc([N+](=O)[O-])c1,,CHEMBL1096976
[70.0],Homo sapiens,1852302,169,CC1=C(C(=O)OCCCCCCCCCC[N+](C)(C)C)C(c2cccc3nonc23)C(C(=O)OC(C)C)=C(C)N1,,CHEMBL3436049
[860.0],Homo sapiens,2287152,169,CCNCCc1c(C(=O)NCc2ccccc2OCC(F)(F)F)nn(-c2ccccc2)c1-c1ccccc1,,CHEMBL4209001
[21000.0],Homo sapiens,2115206,169,Cc1nccn1-c1ccc(-c2cn(CC(=O)Nc3cccc(Cl)c3Cl)nn2)cc1,,CHEMBL3905835
[34.2],Cavia porcellus,1479014,106600,CCc1nc(Cl)c(C2C(C(=O)OC(C)(C)C)=C(C)NC(C)=C2C(=O)OC(C)(C)C)[nH]1,,CHEMBL2261186
[2080.0],Homo sapiens,2282724,169,Cc1cc(CC(=O)Nc2ccn(Cc3ccc(C#N)cn3)n2)ccc1OCCC(F)(F)F,,CHEMBL4204573
[1700.0],Homo sapiens,180891,169,O=S(=O)(Nc1ccc(CCNC[C@H](O)c2cccnc2)cc1)c1ccc(-c2nc(-c3ccc(C(F)(F)F)cc3)cs2)cc1,,CHEMBL111201
[3240.0],Cavia porcellus,1471145,106600,CCOC(=O)C1=C(C)NC(C)=C(C(=O)OCC)C1c1cc(=O)cc(-c2ccccc2)o1,,CHEMBL2235634
[4200.0],Oryctolagus cuniculus,1560324,17056,CC(C)(CN1C(=O)CC(=O)N(C2CCCC2)C1=O)c1cccc(C(F)(F)F)c1,,CHEMBL2380920
[660.69],Cavia porcellus,1474111,106600,CCOC(=O)C1=C(C)NC(C)=C(C(=O)OC)C1c1[nH]cnc1Cl,,CHEMBL2238570
[15000.0],Homo sapiens,2321500,169,CCOc1cc(CN2CCC3(CC2)CC(=O)N(c2ccc(C(=O)O)cc2)C3)cc(OCC)c1-c1ccc(F)cc1.O=C(O)C(F)(F)F,,CHEMBL4282052
[860.0],Oryctolagus cuniculus,1568930,17056,CC1=C(C(=O)OC(C)C)C(c2cccc([N+](=O)[O-])c2)C(C(=O)OC(C)C)=C(N)O1,,CHEMBL2398409
[3290.0],Cavia porcellus,1480091,106600,CCOC(=O)C1=C(C)NC(C)=C(C(=O)OCc2ccccc2)C1c1csc(-c2ccc(Cl)cc2)n1,,CHEMBL2262253
[30000.0],Homo sapiens,565721,169,O=C(NC1CC1c1ccccc1)N1CCC(c2nc(-c3cnccn3)no2)CC1,,CHEMBL557032
[2670.0],Homo sapiens,1960687,169,CO[C@]1(CCN(C)CCCc2nc3ccccc3[nH]2)C[C@@H]2CC[C@H]1c1ccccc12,,CHEMBL3609820
[52000.0],Homo sapiens,1972662,169,CCN(CC)CC(=O)N1C[C@@H](c2ccc(Cl)cc2)Sc2ccccc21,,CHEMBL3638035
[2550.0],Cavia porcellus,1480081,106600,CCOC(=O)C1=C(C)NC(C)=C(C(=O)OC(C)C)C1c1csc(-c2ccc(Cl)cc2)n1,,CHEMBL2262243
[6700.0],Oryctolagus cuniculus,1560292,17056,O=C(OCCc1cccc(F)c1)[C@H]1CC[C@@H](N2C(=O)CC(=O)N(CCc3cccc(Cl)c3)C2=O)C1,,CHEMBL2380889
[5700.0],Homo sapiens,2176195,169,COc1ccc(C2=NN(C(=O)Nc3ccc(Cl)cc3)[C@](CCO)(c3cccnc3)C2)cc1,,CHEMBL3966824
[18000.0],Homo sapiens,2111084,169,CNC(=O)c1c(-c2ccc(F)cc2)oc2cc(N(C)S(C)(=O)=O)c(-c3ccc4ccn5c6cccc(F)c6cc5c4n3)cc12,,CHEMBL3901713
[1020.0],Oryctolagus cuniculus,1568927,17056,CC1=C(C(=O)OC(C)C)[C@@H](c2cccc([N+](=O)[O-])c2)N(C(=O)OC(C)C)C(=O)N1,,CHEMBL2398406
[100000.0],Oryctolagus cuniculus,1560451,17056,C[C@H]1[C@H](N2C(=O)CC(=O)N(CCc3ccc(Cl)cc3)C2=O)C[C@@H]2C[C@H]1C2(C)C,,CHEMBL2381046
[9.0],Oryctolagus cuniculus,627513,17056,COC(=O)C1=C(C)NC(C)=C(C(=O)OCCCOc2ccccc2)C1c1cccc([N+](=O)[O-])c1,,CHEMBL1098871
[30000.0],Homo sapiens,2245541,169,C[C@@]1(O)CC[C@H]2[C@H](CC[C@@H]3[C@@H]2CC[C@]2(C)[C@@H](C(=O)Cn4cc(C#N)cn4)CC[C@@H]32)C1,ZURANOLONE,CHEMBL4105630
[50.82],Cavia porcellus,1479021,106600,CCc1nc(Cl)c(C2C(C(=O)OC)=C(C)NC(C)=C2C(=O)OC(C)(C)C)[nH]1,,CHEMBL2261193
[56580.0],Oryctolagus cuniculus,1568938,17056,COC(=O)C1=C(C(C)C)NC(=O)N(C(=O)C(C)C)C1c1cccc([N+](=O)[O-])c1,,CHEMBL2398417
[10000.0],Oryctolagus cuniculus,1560435,17056,C[C@H]1CCC[C@H]1N1C(=O)CC(=O)N(CCc2ccc(Cl)cc2)C1=O,,CHEMBL2381030
[26.0],Oryctolagus cuniculus,627181,17056,COC(=O)C1=C(C)NC(C)=C(C(=O)OCCCl)C1c1cccc([N+](=O)[O-])c1,,CHEMBL1097657
[8300.0],Oryctolagus cuniculus,1560443,17056,C[C@H]1CCCC[C@H]1N1C(=O)CC(=O)N(CCc2ccc(Cl)cc2)C1=O,,CHEMBL2381038
[840.0],Rattus norvegicus,225733,10514,CCOCCN(C)CCCN1C(=O)CSC1c1cc(C(C)(C)C)c(O)c(C(C)(C)C)c1,,CHEMBL341710
[17.9],Cavia porcellus,1471737,106600,COCCOC(=O)C1=C(C)NC(C)=C(C(=O)OCCOC)C1c1cnc(SC)n1Nc1ccccc1,,CHEMBL2236220
[3300.0],Rattus norvegicus,2311440,10514,Clc1ccc(-c2ccc(CNCC3CCNCC3)o2)c(-c2ccccc2)c1,,CHEMBL4246869
[1500.0],Rattus norvegicus,225683,10514,CN(C)CCCN1C(=O)CSC1c1cc(C(C)(C)C)c(O)c(C(C)(C)C)c1,,CHEMBL136357
[0.0309],Cavia porcellus,1473488,106600,CCc1nc(C2C(C(=O)OC)=C(C)NC(C)=C2C(=O)OCCc2ccccc2)c(Cl)[nH]1,,CHEMBL2237954
[424.0],Homo sapiens,1960684,169,CC(C)C(=O)O[C@@]1(CCN(C)CCCc2nc3ccccc3[nH]2)C[C@H]2CC[C@@H]1c1ccccc12,,CHEMBL3609817
[500000.0],Homo sapiens,2550365,169,C[C@H]1COc2c(N3CC[C@@H](C4(N)CC4)C3)c(F)cc3cc(C(=O)O)c(=O)n1c23,,CHEMBL4856594
[64500.0],Rattus norvegicus,14367,10514,CN(C)CCCC1(c2ccc(F)cc2)OCc2cc(C#N)ccc21,CITALOPRAM,CHEMBL549
[420.0],Rattus norvegicus,225829,10514,CN(CCCN1C(=O)CSC1c1cc(C(C)(C)C)c(O)c(C(C)(C)C)c1)CC(O)COc1ccccc1,,CHEMBL344252
[100000.0],Oryctolagus cuniculus,1560427,17056,O=C1CC(=O)N([C@H]2C[C@H]3CC[C@@H]2C3)C(=O)N1CCc1cccc(Cl)c1,,CHEMBL2381022
[23.0],Oryctolagus cuniculus,627249,17056,C=C(C)CCOC(=O)C1=C(C)NC(C)=C(C(=O)OC)C1c1cccc([N+](=O)[O-])c1,,CHEMBL1094560
[1000.0],Oryctolagus cuniculus,1219,17056,COc1ccc(CCN(C)CCCC(C#N)(c2ccc(OC)c(OC)c2)C(C)C)cc1OC,VERAPAMIL,CHEMBL6966
[30000.0],Homo sapiens,1580180,169,N[C@H]1C[C@@H](N2Cc3cn[nH]c3C2)CO[C@@H]1c1cc(F)ccc1F,,CHEMBL2425070
[1584890.0],Homo sapiens,291960,169,NC(=O)C(c1ccccc1)(c1ccccc1)[C@@H]1CCN(CCc2ccc3c(c2)CCO3)C1,DARIFENACIN,CHEMBL1346
[11000.0],Cavia porcellus,1480074,106600,CC1=C(C(=O)OCc2ccccc2)C(c2csc(-c3ccc(Cl)cc3)n2)C(C(=O)OCc2ccccc2)=C(C)N1,,CHEMBL2262236
[14900.0],Homo sapiens,468960,169,CC(C)(C)CCN1CC[C@H](CNC(=O)c2cc(Cl)cc(Cl)c2)[C@H](F)C1,,CHEMBL493677
[30000.0],Homo sapiens,2227590,169,Nc1nccn2c([C@@H]3CCC[C@H](C(=O)O)C3)nc(-c3ccc(C(=O)Nc4cc(C(F)(F)F)ccn4)cc3)c12,,CHEMBL4087679
[580.0],Oryctolagus cuniculus,1568946,17056,CCOC(=O)C1=C(N)OC(C)=C(C(=O)OC)C1c1cccc([N+](=O)[O-])c1,,CHEMBL2398425
[3000.0],Cavia porcellus,696147,106600,COc1ccc2c(c1)CN(C(=O)CCN1CCC(Cc3ccccc3)CC1)CCS2,,CHEMBL1233797
[909.0],Cavia porcellus,164558,106600,CC(=O)N(CCOc1cccc2ccccc12)CCc1ccc(NS(C)(=O)=O)cc1,,CHEMBL103249
[18.0],Oryctolagus cuniculus,626649,17056,CCCC1=C(C(=O)OCC)C(c2cccc([N+](=O)[O-])c2)C(C(=O)OCC)=C(C)N1,,CHEMBL1096376
[3090.0],Homo sapiens,2169522,169,O=C(Nc1ccncc1)N1N=C(c2ccccc2)CC1c1ccc(F)cc1,,CHEMBL3960151
[3500.0],Rattus norvegicus,255904,10514,CC(=O)N1CCN(c2ccc(OCC3COC(Cn4ccnc4)(c4ccc(Cl)cc4Cl)O3)cc2)CC1,KETOCONAZOLE,CHEMBL157101
[465.0],Cavia porcellus,1471739,106600,CSc1ncc(C2C(C(=O)OC3CCCCC3)=C(C)NC(C)=C2C(=O)OC2CCCCC2)n1Nc1ccccc1,,CHEMBL2236222
[2.54],Cavia porcellus,1471730,106600,CCOC(=O)C1=C(C)NC(C)=C(C(=O)OCCCc2ccccc2)C1c1cnc(SC)n1Nc1ccccc1,,CHEMBL2236213
[30000.0],Homo sapiens,562112,169,O=C(NC1CCc2ccccc2C1)N1CCC(c2nc(-c3ccccn3)no2)CC1,,CHEMBL550242
[22000.0],Homo sapiens,2460493,169,CNC(=O)c1c(-c2ccc(F)cc2)oc2cc(N(C)S(C)(=O)=O)c(-c3ccc4ncn5c6cccc(F)c6cc5c4n3)cc12,,CHEMBL4590062
[4800.0],Oryctolagus cuniculus,1560437,17056,CC1(C)CCC[C@H]1N1C(=O)CC(=O)N(CCc2ccc(Cl)cc2)C1=O,,CHEMBL2381032
[450000.0],Rattus norvegicus,43354,10514,COC(=O)CCc1ccc(OCC(O)CNC(C)C)cc1,ESMOLOL,CHEMBL768
[3340.0],Rattus norvegicus,1562128,10514,C[C@@H]1CN(Cc2ccccc2)[C@H](CCCCO[Si](C)(C)C(C)(C)C)CN1,,CHEMBL2385372
[56.0],Cavia porcellus,1471735,106600,CSc1ncc(C2C(C(=O)OCC3CCCCC3)=C(C)NC(C)=C2C(=O)OC(C)C)n1Nc1ccccc1,,CHEMBL2236218
[5011.87],Homo sapiens,435293,169,C[C@H]1CN(C[C@H](Cc2ccccc2)C(=O)NCC(=O)O)CC[C@@]1(C)c1cccc(O)c1,ALVIMOPAN,CHEMBL270190
[1200.0],Rattus norvegicus,226005,10514,CN(CCCN1C(=O)CSC1c1cc(C(C)(C)C)c(O)c(C(C)(C)C)c1)CC1CC1,,CHEMBL137390
[8.0],Oryctolagus cuniculus,627253,17056,C=CCOC(=O)C1=C(C)NC(C)=C(C(=O)OC)C1c1ccccc1[N+](=O)[O-],,CHEMBL1098210
[30000.0],Homo sapiens,2390597,169,CCNC1=N[C@@H]2[C@@H](OC)[C@H](O)[C@@H](CO)O[C@@H]2S1,,CHEMBL4519186
[425.0],Cavia porcellus,1471738,106600,CSc1ncc(C2C(C(=O)OC3CCCC3)=C(C)NC(C)=C2C(=O)OC2CCCC2)n1Nc1ccccc1,,CHEMBL2236221
[504.0],Homo sapiens,1959801,169,CC(C)C(=O)O[C@]1(CCN(C)CCCc2nc3ccccc3[nH]2)C[C@@H](O)c2cc(F)ccc2[C@@H]1C(C)C,,CHEMBL3608942
[25.0],Oryctolagus cuniculus,627251,17056,C=CCOC(=O)C1=C(C)NC(C)=C(C(=O)OCC)C1c1cccc([N+](=O)[O-])c1,,CHEMBL1096518
[7000.0],Oryctolagus cuniculus,676764,17056,CCCCN(CCCC)CCCOc1ccc(C(=O)c2cnc3ncccn23)cc1.Cl.Cl,,CHEMBL1202813
[4500.0],Homo sapiens,2224453,169,C[C@H](NC(=O)c1c(CN2CCC(N3CCCCC3)CC2)c(-c2cccc(C(F)(F)F)c2)nc2ccccc12)c1ccccc1,,CHEMBL4084542
[30000.0],Homo sapiens,563910,169,O=C(NC1CC1c1ccccc1)N1CCC(c2nc(-c3ncccn3)no2)CC1,,CHEMBL551517
[6.0],Oryctolagus cuniculus,627450,17056,COC(=O)C1=C(C)NC(C)=C(C(=O)OCCC(C)c2ccccc2)C1c1cccc([N+](=O)[O-])c1,,CHEMBL1098840
[270.0],Rattus norvegicus,918955,10514,O=C1CSC(c2ccccc2Cl)c2cc(Cl)ccc2N1,,CHEMBL1495071
[100000.0],Homo sapiens,2473439,169,CC(=O)Nc1c(F)cc(C(=O)N[C@H]2CC[C@H](O)CC2)cc1O[C@@H](C)c1ccccc1,GSK046,CHEMBL4636881
[1630.0],Cavia porcellus,1471150,106600,CCOC(=O)C1=C(C)NC(C)=C(C(=O)OC)C1c1cc(=O)cc(C)o1,,CHEMBL2235639
[3700.0],Oryctolagus cuniculus,1560423,17056,C[C@H]1CCCC[C@H]1N1C(=O)CC(=O)N(CCc2cccc(Cl)c2)C1=O,,CHEMBL2381018
[5400.0],Oryctolagus cuniculus,1560316,17056,O=C1CC(=O)N(C2CCCC2)C(=O)N1CCc1ccc(-c2ccccc2)cc1,,CHEMBL2380912
[30000.0],Homo sapiens,2069104,169,O=C(Cn1ccccc1=O)Nc1ccc(C[C@@H]2CC[C@H]([C@H](O)c3ccccc3)N2)cc1,,CHEMBL3764592
[50000.0],Homo sapiens,27626,169,C[C@]12CC[C@@H]3c4ccc(O)cc4CC[C@H]3[C@@H]1CC[C@@H]2O,ESTRADIOL,CHEMBL135
[29000.0],Oryctolagus cuniculus,1560440,17056,CCC1CCC(N2C(=O)CC(=O)N(CCc3ccc(Cl)cc3)C2=O)C1,,CHEMBL2381035
[72.0],Oryctolagus cuniculus,627385,17056,COC(=O)C1=C(C)NC(C)=C(C(=O)OC2Cc3ccccc3C2)C1c1cccc([N+](=O)[O-])c1,,CHEMBL1094892
[33730.0],Cavia porcellus,1022,106600,COC(=O)C1=CCCN(C)C1,ARECOLINE,CHEMBL7303
[430000.0],Cavia porcellus,618203,106600,CCCN1CCCC[C@H]1C(=O)Nc1c(C)cccc1C,ROPIVACAINE,CHEMBL1077896
[5100.0],Rattus norvegicus,1562117,10514,Cc1ccc(S(=O)(=O)N2C[C@@H](CCCO[Si](C)(C)C(C)(C)C)N(C(c3ccccc3)c3ccccc3)C[C@H]2C)cc1,,CHEMBL2385361
[13200.0],Oryctolagus cuniculus,1560300,17056,C[C@@H]1[C@@H](C)CC[C@@H]1N1C(=O)CC(=O)N(CCc2cccc(Cl)c2)C1=O,,CHEMBL2380318
[436.52],Cavia porcellus,1470010,106600,CCOC(=O)C1=C(C)NC(C)=C(C(=O)OCC)C1c1[nH]cnc1Cl,,CHEMBL2234510
[15000.0],Homo sapiens,2219608,169,C[C@]1(C(=O)O)CC[C@@](C)(c2nc(-c3ccc(C(=O)Nc4cc(C(F)(F)F)ccn4)cc3)c3c(N)nccn32)CC1,,CHEMBL4079697
[12600.0],Oryctolagus cuniculus,1560297,17056,CCOC(=O)[C@@H]1CCC[C@@H]1N1C(=O)CC(=O)N(CCc2cccc(Cl)c2)C1=O,,CHEMBL2380894
[10000.0],Rattus norvegicus,1562121,10514,C[C@@H]1CN(Cc2ccccc2)[C@H](CCCCO)CN1,,CHEMBL2385365
[3600.0],Homo sapiens,191513,169,CCOc1ccc(Oc2ccc(OCc3cc(F)ccc3F)cc2)c(N)c1,,CHEMBL332214
[1659.59],Cavia porcellus,1472640,106600,CCOC(=O)C1=C(C)NC(C)=C(C(=O)OC(C)(C)C)C1c1[nH]cnc1Cl,,CHEMBL2237114
[30000.0],Homo sapiens,2728676,169,CCNC(=N)NC(=O)Nc1c(CC)cc(NS(=O)(=O)c2ccccc2)cc1CC,,CHEMBL5084225
[2000000.0],Homo sapiens,31213,169,COc1cc(CCC(C)=O)ccc1O,ZINGERONE,CHEMBL25894
[100000.0],Oryctolagus cuniculus,1560408,17056,O=C1CC(=O)N(C2CC3CCC2C3)C(=O)N1CCc1cccc(C(F)(F)F)c1,,CHEMBL2381003
[1320.0],Homo sapiens,19569,169,CC(C)(C)c1ccc(C(O)CCCN2CCC(C(O)(c3ccccc3)c3ccccc3)CC2)cc1,TERFENADINE,CHEMBL17157
[23400.0],Homo sapiens,14221,169,CC[C@H](CO)Nc1nc(NCc2ccccc2)c2ncn(C(C)C)c2n1,SELICICLIB,CHEMBL14762
[68.2],Cavia porcellus,1471731,106600,CSc1ncc(C2C(C(=O)OC(C)C)=C(C)NC(C)=C2C(=O)OC(C)(C)C)n1Nc1ccccc1,,CHEMBL2236214
[20.0],Oryctolagus cuniculus,627598,17056,CCOC(=O)C1=C(C)NC(C)=C(C(=O)OCC)C1c1ccc(F)cc1F,,CHEMBL1094352
[92000.0],Homo sapiens,1428496,169,COc1ccc2ncc(=O)n(CCN3CCC(NCc4ccc5c(n4)NC(=O)CO5)CC3)c2c1,,CHEMBL2165063
[2480.0],Oryctolagus cuniculus,1568940,17056,COC(=O)C1=C(C)NC(=O)N(C(=O)OC(C)C)C1c1cccc([N+](=O)[O-])c1,,CHEMBL2398419
[9500.0],Rattus norvegicus,666,10514,Cc1c(C)c2c(c(C)c1O)CCC(C)(COc1ccc(CC3SC(=O)NC3=O)cc1)O2,TROGLITAZONE,CHEMBL408
[16.0],Oryctolagus cuniculus,627182,17056,CCOC(=O)C1=C(C)NC(C)=C(C(=O)OCCOC)C1c1cccc([N+](=O)[O-])c1,,CHEMBL1097857
[38900.0],Homo sapiens,111871,169,CCC(=O)N(c1ccccc1)C1(C(=O)OC)CCN(CCC(=O)OC)CC1,REMIFENTANIL,CHEMBL1005
[2300.0],Oryctolagus cuniculus,1560436,17056,CC1(C)CCC[C@@H]1N1C(=O)CC(=O)N(CCc2ccc(Cl)cc2)C1=O,,CHEMBL2381031
[41000.0],Oryctolagus cuniculus,1560426,17056,O=C1CC(=O)N(C[C@H]2CCCO2)C(=O)N1CCc1cccc(Cl)c1,,CHEMBL2381021
[2.2],Homo sapiens,486789,169,COC(=O)C1=C(C)NC(C)=C(C(=O)OC(C)C)C1c1cccc2nonc12,ISRADIPINE,CHEMBL1648
[1000000.0],Homo sapiens,564990,169,O=C(O)c1ccc(-n2nc(-c3ccccc3O)nc2-c2ccccc2O)cc1,DEFERASIROX,CHEMBL550348
[49.0],Oryctolagus cuniculus,626737,17056,CCOC(=O)C1=C(C)NC(CO)=C(C(=O)OCC)C1c1cccc([N+](=O)[O-])c1,,CHEMBL1094405
[387.0],Homo sapiens,1960686,169,COc1cccc2nc(CCCN(C)CC[C@]3(OC(=O)C(C)C)C[C@H]4CCC[C@@H]3c3ccccc34)[nH]c12,,CHEMBL3609819
[5420.0],Homo sapiens,1618170,169,COC(=O)C(CCC(=O)N(C)CCCc1nc2ccccc2[nH]1)(c1ccc(Br)cc1)C(C)C,,CHEMBL3115194
[100000.0],Oryctolagus cuniculus,1560445,17056,C[C@H](C1CCCCC1)N1C(=O)CC(=O)N(CCc2ccc(Cl)cc2)C1=O,,CHEMBL2381040
[100000.0],Oryctolagus cuniculus,1560425,17056,C[C@H](C1CCCCC1)N1C(=O)CC(=O)N(CCc2cccc(Cl)c2)C1=O,,CHEMBL2381020
[100000.0],Oryctolagus cuniculus,1560409,17056,O=C1CC(=O)N([C@H]2C[C@H]3CC[C@@H]2C3)C(=O)N1CCc1cccc(C(F)(F)F)c1,,CHEMBL2381004
[45100.0],Rattus norvegicus,390242,10514,O=c1cc(-c2ccccc2O)oc2cc(O)cc(O)c12,,CHEMBL242385
[95.5],Cavia porcellus,1474106,106600,CC1=C(C(=O)OCC(C)C)C(c2[nH]cnc2Cl)C(C(=O)OCC(C)C)=C(C)N1,,CHEMBL2238565
[13.3],Oryctolagus cuniculus,127614,17056,CC1=NC(C)=C(C(=O)OCN2C(=O)c3ccccc3S2(=O)=O)C(c2cccc([N+](=O)[O-])c2)/C1=C(\O)OCC1CCCCO1,,CHEMBL311556
[4000.0],Homo sapiens,2142691,169,COc1ccc([C@H]2C[C@H](C(=O)O)C2)cc1-c1ccc(C(F)(F)F)cc1[C@@H]1CC[C@H]2[C@@H](c3cc(C(F)(F)F)cc(C(F)(F)F)c3)OC(=O)N12,,CHEMBL3933320
[30000.0],Homo sapiens,2246399,169,CCNC1=N[C@@H]2C[C@H](O)[C@@H](CO)O[C@@H]2S1,,CHEMBL4107048
[13800.0],Cavia porcellus,1480095,106600,CCOC(=O)C1=C(C)NC(C)=C(C(=O)OC(C)c2ccccc2)C1c1csc(-c2ccc(Cl)cc2)n1,,CHEMBL2262257
[5100.0],Oryctolagus cuniculus,1560434,17056,C[C@@H]1CCC[C@@H]1N1C(=O)CC(=O)N(CCc2ccc(Cl)cc2)C1=O,,CHEMBL2381029
[30000.0],Homo sapiens,2342886,169,CNC(=O)c1c(-c2ccc(F)cc2)oc2cc(N(C)S(C)(=O)=O)c(-c3ccc4c(n3)-c3cc5c(F)cccc5n3CN4)cc12,,CHEMBL4435877
[15.1],Oryctolagus cuniculus,128054,17056,CO/C(O)=C1\C(C)=NC(C)=C(C(=O)OCN2C(=O)c3ccccc3S2(=O)=O)C1c1cccc([N+](=O)[O-])c1,,CHEMBL78790
[0.06683],Cavia porcellus,1479017,106600,CCc1nc(Cl)c(C2C(C(=O)OCCCc3ccccc3)=C(C)NC(C)=C2C(=O)OCCCc2ccccc2)[nH]1,,CHEMBL2261189
[2420.0],Homo sapiens,2296759,169,CC(C)(C)c1ccc(CC(=O)Nc2ccn(Cc3ccc(C#N)cn3)n2)cc1,,CHEMBL4218608
[100000.0],Rattus norvegicus,39809,10514,CCCN(c1ccncc1)n1ccc2ccccc21,BESIPIRDINE,CHEMBL29835
[410.0],Oryctolagus cuniculus,1568929,17056,COC(=O)C1=C(C)OC(N)=C(C(=O)OC(C)C)C1c1cccc([N+](=O)[O-])c1,,CHEMBL2398408
[23000.0],Oryctolagus cuniculus,1560441,17056,C[C@H]1CCC[C@@H]1N1C(=O)CC(=O)N(CCc2ccc(Cl)cc2)C1=O,,CHEMBL2381036
[19000.0],Homo sapiens,565720,169,O=C(NC1CC1c1ccccc1)N1CCC(c2nc(-c3cccnc3)no2)CC1,,CHEMBL564757
[13000.0],Homo sapiens,2068913,169,O=C(Cn1cnc2ccccc2c1=O)Nc1ccc(C[C@@H]2CC[C@H]([C@H](O)c3ccccc3)N2)cc1,,CHEMBL3764774
[30000.0],Homo sapiens,2471194,169,C[C@@H]1C[C@H]1C(=O)N1CCN(c2cnc(C#N)c(-c3cnn(C)c3)n2)C[C@H]1C,,CHEMBL4634634
[800.0],Cavia porcellus,666,106600,Cc1c(C)c2c(c(C)c1O)CCC(C)(COc1ccc(CC3SC(=O)NC3=O)cc1)O2,TROGLITAZONE,CHEMBL408
[33000.0],Homo sapiens,2293986,169,CC(CC(=O)O)c1cccc(-n2c(C(N)=O)cc3ccc(OC(F)(F)F)cc32)n1,,CHEMBL4215835
[2511890.0],Homo sapiens,154051,169,COC(c1ccccc1)(c1ccccc1)[C@H](Oc1nc(C)cc(C)n1)C(=O)O,AMBRISENTAN,CHEMBL1111
[3070.0],Oryctolagus cuniculus,1568928,17056,CC1=C(C(=O)OC(C)C)[C@H](c2cccc([N+](=O)[O-])c2)N(C(=O)OC(C)C)C(=O)N1,,CHEMBL2398407
[23400.0],Oryctolagus cuniculus,1560296,17056,CC(=O)O[C@@H]1CCC[C@@H]1N1C(=O)CC(=O)N(CCc2cccc(Cl)c2)C1=O,,CHEMBL2380893
[10700.0],Oryctolagus cuniculus,1568934,17056,CC1=C(C(=O)OC(C)C)C(c2cccc([N+](=O)[O-])c2)NC(=S)N1,,CHEMBL2398413
[15.0],Oryctolagus cuniculus,627252,17056,C=CCOC(=O)C1=C(C)NC(C)=C(C(=O)OC)C1c1cccc([N+](=O)[O-])c1,,CHEMBL1098209
[100000.0],Homo sapiens,2475686,169,COCc1nc2cnc3cc(-c4c(C)noc4C)c(OC[C@H]4CCNC4)cc3c2n1[C@H](C)c1ccccc1,GSK778,CHEMBL4639128
[30000.0],Homo sapiens,2050893,169,CCS(=O)(=O)n1cc2c(n1)CN([C@H]1CO[C@H](c3cc(F)ccc3F)[C@@H](N)C1)C2,,CHEMBL3735281
[100000.0],Oryctolagus cuniculus,1560428,17056,O=C1CC(=O)N([C@@H]2C[C@@H]3CC[C@H]2C3)C(=O)N1CCc1cccc(Cl)c1,,CHEMBL2381023
[403.0],Homo sapiens,1959798,169,CO[C@H]1C[C@@](CCN(C)CCCc2nc3ccccc3[nH]2)(OC(=O)C(C)C)[C@@H](C(C)C)c2ccc(F)cc21,,CHEMBL3608940
[420.0],Oryctolagus cuniculus,1568917,17056,CSC1=NC(c2cccc([N+](=O)[O-])c2)C(C(=O)OC(C)C)=C(C)N1,,CHEMBL2398396
[30000.0],Homo sapiens,2050897,169,N[C@H]1C[C@@H](N2Cc3cn(S(=O)(=O)C4CC4)nc3C2)CO[C@@H]1c1cc(F)ccc1F,,CHEMBL3735329
[31.0],Oryctolagus cuniculus,627322,17056,COC(=O)C1=C(C)NC(C)=C(C(=O)OCc2cccs2)C1c1cccc([N+](=O)[O-])c1,,CHEMBL1098804
[5540.0],Oryctolagus cuniculus,1568919,17056,COC(=O)N1C(SC)=NC(C)=C(C(=O)OC(C)C)C1c1cccc([N+](=O)[O-])c1,,CHEMBL2398398
[33500.0],Cavia porcellus,308699,106600,CC(CC(c1ccccc1)c1ccccc1)NC(C)(C)C,TERODILINE,CHEMBL363295
[2450.0],Oryctolagus cuniculus,1568921,17056,CNC1=NC(C)=C(C(=O)OC(C)C)C(c2cccc([N+](=O)[O-])c2)N1C(=O)OC,,CHEMBL2398400
[1000000.0],Oryctolagus cuniculus,6723,17056,CCN(CC)CC(=O)Nc1c(C)cccc1C,LIDOCAINE,CHEMBL79
[69200.0],Cavia porcellus,1972678,106600,COc1ccc(S(=O)(=O)NCc2cc(CN3CCCC3)c(O)c(CN3CCCC3)c2)cc1,SULCARDINE,CHEMBL3638051
[2.661],Cavia porcellus,1479027,106600,CCOC(=O)C1=C(C)NC(C)=C(C(=O)OCc2ccccc2)C1c1[nH]c(CC)nc1Cl,,CHEMBL2261199
[10.0],Oryctolagus cuniculus,626738,17056,CCOC(=O)C1=C(C)NC(CCl)=C(C(=O)OCC)C1c1cccc([N+](=O)[O-])c1,,CHEMBL1094406
[640.0],Oryctolagus cuniculus,1568942,17056,CC1=C(C(=O)OC(C)C)C(c2cccc([N+](=O)[O-])c2)N(C(=O)OC(C)C)C(=O)N1,,CHEMBL2398421
[100.0],Oryctolagus cuniculus,627515,17056,COC(=O)C1=C(C)NC(C)=C(C(=O)OCCC(c2ccccc2)c2ccccc2)C1c1cccc([N+](=O)[O-])c1,,CHEMBL1097472
[3590.0],Oryctolagus cuniculus,36662,17056,COc1ccccc1OCCNCC(O)COc1cccc2[nH]c3ccccc3c12,CARVEDILOL,CHEMBL723
[170.0],Oryctolagus cuniculus,1560412,17056,COC(=O)C1=C(C)NC(=S)N(C(=O)OC(C)C)C1c1cccc([N+](=O)[O-])c1,,CHEMBL2381007
[41700.0],Homo sapiens,618127,169,CCCOC(C(=O)OC1CCN(C)CC1)(c1ccccc1)c1ccccc1,PROPIVERINE,CHEMBL1078261
[112.0],Oryctolagus cuniculus,626911,17056,COC(=O)C1=C(C)NC(C)=C(C(=O)OCc2ccc(OC)c(OC)c2)C1c1cccc([N+](=O)[O-])c1,,CHEMBL1099070
[100000.0],Homo sapiens,2772943,169,O=c1ccc2c([C@@H](O)CNCCCCO)ccc(O)c2[nH]1,,CHEMBL5201712
[1.66],Cavia porcellus,1471749,106600,CCOC(=O)C1=C(C)NC(C)=C(C(=O)OC)C1c1cnc(SC)n1Nc1ccccc1,,CHEMBL2236232
[0.5433],Cavia porcellus,1479023,106600,CCCOC(=O)C1=C(C)NC(C)=C(C(=O)OCC)C1c1[nH]c(CC)nc1Cl,,CHEMBL2261195
[20000.0],Homo sapiens,1347612,169,Cc1cc(C(=O)O)ccc1-c1ccc(N2C(=O)N(c3ccncn3)C3(CCN(Cc4ncccc4C)CC3)C2=O)cc1,,CHEMBL2041193
[6600.0],Rattus norvegicus,1972681,10514,COc1ccc2c(c1OC)[C@@H]1Cc3cc4c(cc3[C@H](C2)N1C)OCO4,,CHEMBL3638054
[1.069],Cavia porcellus,1479026,106600,CCOC(=O)C1=C(C)NC(C)=C(C(=O)OCC2CCCCC2)C1c1[nH]c(CC)nc1Cl,,CHEMBL2261198
[63.1],Cavia porcellus,1474104,106600,CCCOC(=O)C1=C(C)NC(C)=C(C(=O)OCCC)C1c1[nH]cnc1Cl,,CHEMBL2238563
[3400.0],Oryctolagus cuniculus,1560311,17056,O=C1CC(=O)N(C2CCCC2)C(=O)N1CCc1ccc(Cl)c(Cl)c1,,CHEMBL2380907
[110.0],Homo sapiens,365248,169,COCCOC(=O)C1=C(C)NC(C)=C(C(=O)OC(C)C)C1c1cccc([N+](=O)[O-])c1,NIMODIPINE,CHEMBL1428
[10.0],Oryctolagus cuniculus,627035,17056,COC(=O)C1=C(C)NC(C)=C(C(=O)OC2C=CCCC2)C1c1cccc([N+](=O)[O-])c1,,CHEMBL1095558
[10000.0],Rattus norvegicus,1562123,10514,C[C@@H]1CN(Cc2ccc(F)cc2)[C@H](Cc2ccccc2)CN1S(=O)(=O)c1ccc(C(F)(F)F)cc1,,CHEMBL2385367
[50000.0],Homo sapiens,2547731,169,CCn1c(-c2cnc(C)nc2)nc2c(N[C@H]3CCN(C(=O)C4CC4)C3)ncnc21,,CHEMBL4853960
[15000.0],Oryctolagus cuniculus,1560420,17056,CCC1CCC(N2C(=O)CC(=O)N(CCc3cccc(Cl)c3)C2=O)C1,,CHEMBL2381015
[30000.0],Homo sapiens,2355361,169,CCNC1=N[C@@H]2[C@@H](F)[C@H](O)[C@@H](CO)O[C@@H]2S1,,CHEMBL4448352
[500000.0],Cavia porcellus,1480075,106600,CC1=C(C(=O)OCCc2ccccc2)C(c2csc(-c3ccc(Cl)cc3)n2)C(C(=O)OCCc2ccccc2)=C(C)N1,,CHEMBL2262237
[3600.0],Cavia porcellus,1972658,106600,Cc1cc2c(OCC(O)CN3CCN(C(c4ccccc4)c4ccccc4)CC3)cccc2[nH]1,,CHEMBL3638031
[5.1],Oryctolagus cuniculus,127770,17056,CO/C(O)=C1\C(C)=NC(C)=C(C(=O)OCN2C(=O)c3ccccc3S2(=O)=O)C1c1cccc(Cl)c1Cl,,CHEMBL432933
[28000.0],Homo sapiens,2190269,169,CO[C@H]1C[C@H](Oc2cc(F)c(F)c(-c3ccc4c(c3)CC[C@H](CCC(=O)O)O4)n2)C1,,CHEMBL3980898
[16400.0],Oryctolagus cuniculus,1560304,17056,O=C1CC(=O)N(C2Cc3ccccc3C2)C(=O)N1C1CCCC1,,CHEMBL2380900
[1100.0],Rattus norvegicus,72035,10514,COCC(=O)O[C@]1(CCN(C)CCCc2nc3ccccc3[nH]2)CCc2cc(F)ccc2[C@@H]1C(C)C,MIBEFRADIL,CHEMBL45816
[1810.0],Oryctolagus cuniculus,1568920,17056,CNC1=NC(C)=C(C(=O)OC)C(c2cccc([N+](=O)[O-])c2)N1C(=O)OC(C)C,,CHEMBL2398399
[6300.0],Homo sapiens,2178867,169,COCCOc1ccc(C2(CCO)CC(c3ccccc3)=NN2C(=O)Nc2ccc(F)cc2)cc1,,CHEMBL3969496
[8500.0],Oryctolagus cuniculus,1560290,17056,CC(C)OC(=O)[C@H]1CC[C@@H](N2C(=O)CC(=O)N(CCc3cccc(Cl)c3)C2=O)C1,,CHEMBL2380887
[199526.0],Homo sapiens,33667,169,COc1cc2nc(N(C)CCCNC(=O)C3CCCO3)nc(N)c2cc1OC,ALFUZOSIN,CHEMBL709
[398107.0],Homo sapiens,44920,169,CN1CC(=O)N2[C@H](c3ccc4c(c3)OCO4)c3[nH]c4ccccc4c3C[C@@H]2C1=O,TADALAFIL,CHEMBL779
[100000.0],Oryctolagus cuniculus,1560449,17056,CC1(C)[C@@H]2CC[C@@]1(C)[C@@H](N1C(=O)CC(=O)N(CCc3ccc(Cl)cc3)C1=O)C2,,CHEMBL2381044
[60000.0],Cavia porcellus,315827,106600,CCCC(=O)N1CCCN(c2nc(N)c3cc(OC)c(OC)cc3n2)CC1,BUNAZOSIN,CHEMBL188185
[30000.0],Homo sapiens,1146318,169,CC#CC(CC(=O)O)c1ccc(Oc2ccc(C(F)(F)F)cc2OC(F)F)cc1,,CHEMBL1777861
[30000.0],Homo sapiens,2068915,169,O=C(Cn1cnccc1=O)Nc1ccc(C[C@@H]2CC[C@H]([C@H](O)c3ccccc3)N2)cc1,,CHEMBL3764950
[180.0],Rattus norvegicus,225985,10514,COc1ccc(OCCN(C)CCCN2C(=O)CSC2c2cc(C(C)(C)C)c(O)c(C(C)(C)C)c2)cc1OC,,CHEMBL423535
[400000.0],Cavia porcellus,1480076,106600,CC1=C(C(=O)OC(C)c2ccccc2)C(c2csc(-c3ccc(Cl)cc3)n2)C(C(=O)OC(C)c2ccccc2)=C(C)N1,,CHEMBL2262238
[2500.0],Rattus norvegicus,54742,10514,O=C1c2ccccc2-c2c3c(cc4ccnc1c24)OCO3,LIRIODENINE,CHEMBL37736
[5000.0],Rattus norvegicus,1972667,10514,CC(C)[C@@H](NC(=O)NC1CCN(CCc2ccccc2)CC1)c1ccc(F)cc1,,CHEMBL3638040
[20000.0],Cavia porcellus,13494,106600,Clc1ccccc1C(c1ccccc1)(c1ccccc1)n1ccnc1,CLOTRIMAZOLE,CHEMBL104
[30000.0],Homo sapiens,556857,169,O=C(O)c1ccc(-c2noc(C3CCN(C(=O)NC4CC4c4ccccc4)CC3)n2)cc1,,CHEMBL559531
[30000.0],Homo sapiens,62789,169,CN=C(N)NC(=O)Nc1c(C)cccc1C,LIDAMIDINE,CHEMBL448416
[30000.0],Homo sapiens,1624827,169,Nc1nc2c(s1)CC[C@H]2C(=O)Nc1ccc(C[C@@H]2CC[C@H]([C@H](O)c3ccccc3)N2)cc1,,CHEMBL3128194
[20.0],Oryctolagus cuniculus,626650,17056,CCCCC1=C(C(=O)OCC)C(c2cccc([N+](=O)[O-])c2)C(C(=O)OCC)=C(C)N1,,CHEMBL1094989
[100000.0],Homo sapiens,1589811,169,c1ccc([C@]2(CCNCc3cccs3)CCOC3(CCCC3)C2)nc1,,CHEMBL2443278
[685.0],Oryctolagus cuniculus,627516,17056,COC(=O)C1=C(C)NC(C)=C(C(=O)OCC23CC4CC(C)(CC(C)(C4)C2)C3)C1c1cccc([N+](=O)[O-])c1,,CHEMBL1097473
[120.0],Rattus norvegicus,225959,10514,COc1ccc(CN(C)CCCN2C(=O)CSC2c2cc(C(C)(C)C)c(O)c(C(C)(C)C)c2)cc1OC,,CHEMBL138800
[1290.0],Cavia porcellus,1377303,106600,COc1ccc(OCCCN(C)CCOc2ccc3c(c2)OCO3)c([C@@H]2Sc3ccccc3N(C)C2=O)c1,LEVOSEMOTIADIL,CHEMBL2105033
[3900.0],Mus musculus,675342,10513,CCC(C)(C)C(=O)O[C@H]1C[C@@H](C)C=C2C=C[C@H](C)[C@H](CC[C@@H](O)C[C@@H](O)CC(=O)O)[C@H]21,TENIVASTATIN,CHEMBL1201391
[3800.0],Oryctolagus cuniculus,1560329,17056,O=C1CC(=O)N(C2CC3CCC2C3)C(=O)N1CCc1cc(C(F)(F)F)cc(C(F)(F)F)c1,,CHEMBL2380925
[29100.0],Oryctolagus cuniculus,1560286,17056,CC(=O)OCC1(N2C(=O)CC(=O)N(CCc3cccc(Cl)c3)C2=O)CCCC1,,CHEMBL2380883
[13.0],Oryctolagus cuniculus,627320,17056,COC(=O)C1=C(C)NC(C)=C(C(=O)OCc2ccc3c(c2)OCO3)C1c1cccc([N+](=O)[O-])c1,,CHEMBL1098802
[230.0],Rattus norvegicus,225721,10514,CN(c1nc2ccccc2s1)C1CCN(CCCN2C(=O)CSC2c2cc(C(C)(C)C)c(O)c(C(C)(C)C)c2)CC1,,CHEMBL137094
[44300.0],Oryctolagus cuniculus,1560319,17056,COC(=O)[C@@H](Cc1ccccc1)N1C(=O)CC(=O)N(C2CCCC2)C1=O,,CHEMBL2380915
[100000.0],Oryctolagus cuniculus,1560446,17056,O=C1CC(=O)N(C[C@H]2CCCO2)C(=O)N1CCc1ccc(Cl)cc1,,CHEMBL2381041
[300.0],Cavia porcellus,365248,106600,COCCOC(=O)C1=C(C)NC(C)=C(C(=O)OC(C)C)C1c1cccc([N+](=O)[O-])c1,NIMODIPINE,CHEMBL1428
[30000.0],Homo sapiens,2720800,169,CC(=O)N[C@H]1CSSC[C@@H]2NC(=O)[C@@H]3CSSC[C@@H](C(=O)N[C@@H](CCCCN)C(=O)N[C@@H](CCCCN)C(=O)N[C@@H](CCCCN)C(=O)N[C@@H](CC(C)C)C(=O)N[C@@H](Cc4c[nH]c5ccccc45)C(N)=O)NC(=O)[C@H](Cc4c[nH]c5ccccc45)NC(=O)[C@H](CC(C)C)NC(=O)[C@H](CCCCN)NC(=O)[C@H](CSSC[C@H](NC(=O)[C@@H]4CCCN4C(=O)[C@H](CCC(=O)O)NC(=O)[C@H](CC(C)C)NC(=O)[C@H](Cc4ccccc4)NC(=O)[C@H](CCCCN)NC(=O)[C@H](CCC(N)=O)NC1=O)C(=O)N[C@@H](CC(=O)O)C(=O)N[C@@H](CO)C(=O)N[C@@H](CCC(=O)O)C(=O)N[C@@H](CCCNC(=N)N)C(=O)N[C@@H](CCCCN)C(=O)N3)NC(=O)[C@H](CCC(=O)O)NC(=O)[C@H](CC(C)C)NC(=O)CNC(=O)[C@H](CCC(=O)O)NC2=O,,CHEMBL5076349
[28500.0],Cavia porcellus,308534,106600,COc1ccc(CCNC(C)COc2c(C)cccc2C)cc1OC,,CHEMBL184014
[3100.0],Oryctolagus cuniculus,1560411,17056,CC1(C)CCC[C@H]1N1C(=O)CC(=O)N(CCc2cccc(C(F)(F)F)c2)C1=O,,CHEMBL2381006
[2.018],Cavia porcellus,1479018,106600,CCOC(=O)C1=C(C)NC(C)=C(C(=O)OC)C1c1[nH]c(CC)nc1Cl,,CHEMBL2261190
[100000.0],Homo sapiens,2747335,169,N=C1N[C@H]2[C@H](CN3C(=O)CCC3=O)NC(=N)N3C[C@H](NC(=O)c4cccc5c4CCCC5)C(O)(O)[C@]23N1,,CHEMBL5176104
[30000.0],Homo sapiens,1822160,169,C[C@@H]1CN(c2nc(C(F)(F)F)no2)CCN1c1ncc(OCc2ccc(CS(C)(=O)=O)cc2F)cn1,,CHEMBL3358006
[35000.0],Mus musculus,155592,10513,CC(C)(c1ccc(O)cc1)c1ccc(O)cc1,BISPHENOL A,CHEMBL418971
[21900.0],Oryctolagus cuniculus,1560309,17056,O=C1CC(=O)N(C2CCCC2)C(=O)N1CCCc1ccccc1,,CHEMBL2380905
[1202.26],Cavia porcellus,1470009,106600,COC(=O)C1=C(C)NC(C)=C(C(=O)OC)C1c1[nH]cnc1Cl,,CHEMBL2234509
[4400.0],Rattus norvegicus,225759,10514,CC(C)(C)c1cc(C2SCC(=O)N2CCCN)cc(C(C)(C)C)c1O,,CHEMBL137426
[2410.0],Homo sapiens,2295443,169,N#Cc1ccc(Cn2ccc(NC(=O)Cc3ccc(C4(C(F)(F)F)CC4)cc3)n2)nc1,APINOCALTAMIDE,CHEMBL4217292
[55000.0],Cavia porcellus,1852301,106600,Cc1cccc(C)c1N(CCCc1cccnc1)C(=O)[C@@H](C)N.O=C(O)C(O)C(O)C(=O)O,,CHEMBL3436048
[50000.0],Oryctolagus cuniculus,1560433,17056,O=C1CC(=O)N(C2CC3CCC2C3)C(=O)N1CCc1ccc(Cl)cc1,,CHEMBL2381028
[8.0],Oryctolagus cuniculus,627600,17056,COC(=O)C1=C(C)NC(C)=C(C(=O)OC)C1c1ccccc1SC,,CHEMBL1086836
[7290.0],Cavia porcellus,1480086,106600,COC(=O)C1=C(C)NC(C)=C(C(=O)OC2CCCC2)C1c1csc(-c2ccc(Cl)cc2)n1,,CHEMBL2262248
[2217.0],Oryctolagus cuniculus,627695,17056,CCOC(=O)C1=C(C)NC(C)=C(C(C)=O)C1c1ccc2ccccc2c1,,CHEMBL1096201
[12840.0],Homo sapiens,2119243,169,Cc1cc(-c2cc(OC(F)(F)F)ccc2Cl)cc(C)c1OCCCC(=O)O,,CHEMBL3909872
[10.0],Oryctolagus cuniculus,626739,17056,CCOC(=O)C1=C(C)NC(COC(C)=O)=C(C(=O)OCC)C1c1cccc([N+](=O)[O-])c1,,CHEMBL1094740
[25500.0],Oryctolagus cuniculus,1560299,17056,CCC(CC)N1C(=O)CC(=O)N(CCc2cccc(Cl)c2)C1=O,,CHEMBL2380896
[46000.0],Cavia porcellus,1480084,106600,COC(=O)C1=C(C)NC(C)=C(C(=O)OC(C)(C)C)C1c1csc(-c2ccc(Cl)cc2)n1,,CHEMBL2262246
[1940.0],Oryctolagus cuniculus,626910,17056,CCOC(=O)C1=C(C)NC(/C=C/c2ccc([N+](=O)[O-])cc2)=C(C(=O)OCC)C1c1cccc([N+](=O)[O-])c1,,CHEMBL1095092
[54000.0],Oryctolagus cuniculus,1560448,17056,O=C1CC(=O)N([C@@H]2C[C@@H]3CC[C@H]2C3)C(=O)N1CCc1ccc(Cl)cc1,,CHEMBL2381043
[6800.0],Homo sapiens,563922,169,O=C(NC1CC1c1ccccc1)N1CCC(c2nc(-c3ccc4ccccc4n3)no2)CC1,,CHEMBL551921
[6800.0],Rattus norvegicus,1562116,10514,C[C@@H]1CN(C(c2ccccc2)c2ccccc2)[C@H](CCCO[Si](C)(C)C(C)(C)C)CN1,,CHEMBL2385360
[2.642],Cavia porcellus,1479013,106600,CCc1nc(Cl)c(C2C(C(=O)OCC(C)C)=C(C)NC(C)=C2C(=O)OCC(C)C)[nH]1,,CHEMBL2261185
[748.0],Homo sapiens,1959803,169,COCC(=O)O[C@]1(CCN(C)CCCc2nc3ccccc3[nH]2)C[C@@H]2CC[C@H]1c1ccccc12,,CHEMBL3608944
[31000.0],Rattus norvegicus,27713,10514,CNCCCC12CCC(c3ccccc31)c1ccccc12,MAPROTILINE,CHEMBL21731
[30000.0],Homo sapiens,565734,169,O=C(NC1CCc2ccccc2CC1)N1CCC(c2nc(-c3ccccn3)no2)CC1,,CHEMBL562926
[91000.0],Cavia porcellus,1480085,106600,CCOC(=O)C1=C(C)NC(C)=C(C(=O)OC(C)(C)C)C1c1csc(-c2ccc(Cl)cc2)n1,,CHEMBL2262247
[3.3],Oryctolagus cuniculus,128009,17056,CCO/C(O)=C1\C(C)=NC(C)=C(C(=O)OCN2C(=O)c3ccccc3S2(=O)=O)C1c1cccc([N+](=O)[O-])c1,,CHEMBL81326
[140.0],Oryctolagus cuniculus,263011,17056,CO/C(O)=C1\C(C)=Nc2ccccc2SC1c1cccc([N+](=O)[O-])c1,,CHEMBL158853
[27000.0],Homo sapiens,2763014,169,C[C@H]1C[C@@H](N2C(=N)N[C@](C)(c3cccc(Nc4ccc(C5CC5)nc4)c3Cl)CC2=O)CCO1,,CHEMBL5191783
[51.0],Oryctolagus cuniculus,626912,17056,COC(=O)C1=C(C)NC(C)=C(C(=O)OCc2ccc(OC)cc2)C1c1cccc([N+](=O)[O-])c1,,CHEMBL1099071
[2.79],Rattus norvegicus,358192,10514,CC(C)CC(N(C)C)C1(c2ccc(Cl)cc2)CCC1,SIBUTRAMINE,CHEMBL1419
[0.182],Cavia porcellus,1473484,106600,CC1=C(C(=O)OCCc2ccccc2)C(c2nc[nH]c2Cl)C(C(=O)OCCc2ccccc2)=C(C)N1,,CHEMBL2237950
[100000.0],Homo sapiens,410802,169,CCCc1nn(C)c2c(=O)[nH]c(-c3cc(S(=O)(=O)N4CCN(C)CC4)ccc3OCC)nc12,SILDENAFIL,CHEMBL192
[600.0],Oryctolagus cuniculus,678217,17056,CCCCN(CCCC)CCCOc1ccc(-c2cn3cccc(C)c3n2)cc1.Cl.Cl.Cl,,CHEMBL1204266
[14840.0],Oryctolagus cuniculus,1568937,17056,CCOC(=O)N1C(=O)NC(C(C)C)=C(C(=O)OC)C1c1cccc([N+](=O)[O-])c1,,CHEMBL2398416
[3.6],Oryctolagus cuniculus,128406,17056,CC1=NC(C)=C(C(=O)OCN2C(=O)c3ccccc3S2(=O)=O)C(c2ccccc2C(F)(F)F)/C1=C(\O)OCC1CCCCO1,,CHEMBL312276
[100000.0],Oryctolagus cuniculus,1560293,17056,O=C1CC(=O)N([C@H]2CCC[C@@H]2O)C(=O)N1CCc1cccc(Cl)c1,,CHEMBL2380890
[3200.0],Homo sapiens,857373,169,N=C(N)SCCc1ccc(OCc2ccc([N+](=O)[O-])cc2)cc1,,CHEMBL1433489
[1320.0],Homo sapiens,5970,169,CSc1ccc2c(c1)N(CCC1CCCCN1C)c1ccccc1S2,THIORIDAZINE,CHEMBL479
[125000.0],Homo sapiens,921,169,O=C1NC(=O)C(c2ccccc2)(c2ccccc2)N1,PHENYTOIN,CHEMBL16
[3600.0],Homo sapiens,2102962,169,Cc1ccc(C2(CCN3CCN(C)CC3)CC(c3ccccc3)=NN2C(=O)Nc2ccc(F)cc2)cc1,,CHEMBL3893591
[500.0],Oryctolagus cuniculus,1568925,17056,COC(=O)N1C(=S)NC(C)=C(C(=O)OC(C)C)[C@H]1c1cccc([N+](=O)[O-])c1,,CHEMBL2398404
[6110.0],Oryctolagus cuniculus,1568916,17056,COC(=O)C1=C(C)OC(NC(C)=O)=C(C(=O)OC(C)C)C1c1cccc([N+](=O)[O-])c1,,CHEMBL2398395
[3.05],Cavia porcellus,1471726,106600,COC(=O)C1=C(C)NC(C)=C(C(=O)OCCCc2ccccc2)C1c1cnc(SC)n1Nc1ccccc1,,CHEMBL2236209
[466000.0],Homo sapiens,8738,169,CC(C)Cn1c(=O)n(C)c(=O)c2nc[nH]c21,ISOBUTYLMETHYLXANTHINE,CHEMBL275084
[79432.8],Homo sapiens,2471693,169,CNC(=O)c1cc(C(=O)NC2CC2)cn(Cc2ccccc2)c1=O,GSK620,CHEMBL4635134
[333000.0],Homo sapiens,1819705,169,COc1cnc2ccc(=O)n(C[C@H](N)[C@H]3CC[C@H](NCc4ccc5c(n4)NC(=O)CO5)CC3)c2c1,,CHEMBL3355575
[156.0],Homo sapiens,1959799,169,CC(C)C(=O)O[C@]1(CCN(C)CCCc2nc3ccccc3[nH]2)C[C@@H](OCc2ccccc2)c2cc(F)ccc2[C@@H]1C(C)C,,CHEMBL3608941
[93600.0],Homo sapiens,2522922,169,Cc1nc2c(=O)n(C3CC3)c3c(Cl)c(N4CC[C@@H]([C@H](C)N)C4)c(F)cc3c2o1,,CHEMBL4786331
[30000.0],Homo sapiens,2069107,169,O=C(Nc1ccc(C[C@@H]2CC[C@H]([C@H](O)c3ccccc3)N2)cc1)[C@@H]1CCc2cccc(=O)n21,,CHEMBL3763934
[80.0],Cavia porcellus,1972659,106600,CC1=C(C(=O)OC(C)C)[C@H](c2cccc3nonc23)C([N+](=O)[O-])=C(C)N1,,CHEMBL3638032
[100000.0],Oryctolagus cuniculus,1560450,17056,CC1(C)[C@@H]2CC[C@H](CN3C(=O)CC(=O)N(CCc4ccc(Cl)cc4)C3=O)[C@H]1C2,,CHEMBL2381045
[15.0],Oryctolagus cuniculus,627597,17056,CCOC(=O)C1=C(C)NC(C)=C(C(=O)OCC)C1c1cccc(F)c1F,,CHEMBL1099188
[3000.0],Homo sapiens,562243,169,O=C(NC1CC1c1ccccc1)N1CCC(c2nc(-c3nccc4ccccc34)no2)CC1,,CHEMBL552061
[100000.0],Mus musculus,1972675,10513,CCN1CCC(CC(NC(=O)c2ccc([N+](=O)[O-])cc2)c2ccc(F)cc2)CC1.Cl,,CHEMBL3638048
[100000.0],Homo sapiens,1587951,169,O=C1OCc2cc(CCN3CCN(C(=O)Cc4ccc(-n5cnnn5)cc4)CC3)ccc21,,CHEMBL2441437
[34600.0],Oryctolagus cuniculus,1560294,17056,CO[C@H]1CCC[C@@H]1N1C(=O)CC(=O)N(CCc2cccc(Cl)c2)C1=O,,CHEMBL2380891
[436.52],Cavia porcellus,1470003,106600,CCCOC(=O)C1=C(C)NC(C)=C(C(=O)OC)C1c1[nH]cnc1Cl,,CHEMBL2234503
[74730.0],Rattus norvegicus,37446,10514,Oc1c(CN2CCCC2)cc(Nc2ncnc3ccccc23)cc1CN1CCCC1,CHANGROLIN,CHEMBL26791
[30000.0],Homo sapiens,558582,169,O=C(NC1CC1c1ccccc1)N1CCC(n2ccnn2)CC1,,CHEMBL564975
[17000.0],Cavia porcellus,418483,106600,CC(NCCC(c1ccccc1)c1ccccc1)c1ccccc1,FENDILINE,CHEMBL254832
[350.0],Oryctolagus cuniculus,1568936,17056,COC(=O)N1C(=S)NC(C)=C(C(=O)OC(C)C)C1c1cccc([N+](=O)[O-])c1,,CHEMBL2398415
[142.0],Rattus norvegicus,19569,10514,CC(C)(C)c1ccc(C(O)CCCN2CCC(C(O)(c3ccccc3)c3ccccc3)CC2)cc1,TERFENADINE,CHEMBL17157
[70800.0],Rattus norvegicus,2832055,10514,CC[C@H]1[C@@H]2C[C@H]3[C@@H]4N(C)c5ccccc5[C@]45C[C@@H]([C@@H]2[C@H]5O)N3[C@@H]1O,AJMALINE,CHEMBL5314404
[22.0],Oryctolagus cuniculus,626977,17056,COC(=O)C1=C(C)NC(C)=C(C(=O)OCc2cccc(F)c2)C1c1cccc([N+](=O)[O-])c1,,CHEMBL1097157
[44000.0],Homo sapiens,1278,169,COc1ccc([C@@H]2Sc3ccccc3N(CCN(C)C)C(=O)[C@@H]2OC(C)=O)cc1,DILTIAZEM,CHEMBL23
[30000.0],Homo sapiens,2414419,169,CCNC1=N[C@@H]2[C@@H](O)[C@H](O)[C@@H](CF)O[C@@H]2S1,,CHEMBL4543991
[2200.0],Homo sapiens,2139930,169,Cc1ccc(C2(CCN(C)C)CC(c3ccccc3)=NN2C(=O)Nc2ccc(F)cc2)cc1,,CHEMBL3930559
[70.79],Cavia porcellus,1474103,106600,CCOC(=O)C1=C(C)NC(C)=C(C(=O)OCCc2ccccc2)C1c1[nH]cnc1Cl,,CHEMBL2238562
[30000.0],Homo sapiens,575387,169,COc1ccc(CCN2C(=O)N(NS(C)(=O)=O)C[C@H]2c2ccc(OC)cc2)cc1,,CHEMBL569185
[230.0],Rattus norvegicus,225987,10514,COc1ccc(OCCN(C)CCCN2C(=O)CSC2c2cc(C(C)(C)C)c(O)c(C(C)(C)C)c2)cc1,,CHEMBL137172
[426.0],Homo sapiens,1959802,169,CC(C)C(=O)O[C@]1(CCN(C)CCCc2nc3ccccc3[nH]2)C[C@H](O)c2cc(F)ccc2[C@@H]1C(C)C,,CHEMBL3608943
[1940.0],Homo sapiens,2156343,169,O=C(Nc1ccc(F)cc1)N1N=C(c2ccccc2)CC1(CCO)c1ccccc1,,CHEMBL3946972
[49.0],Oryctolagus cuniculus,627106,17056,CCCCCOC(=O)C1=C(C)NC(C)=C(C(=O)OCC)C1c1cccc([N+](=O)[O-])c1,,CHEMBL1097285
[3500.0],Oryctolagus cuniculus,1560416,17056,CC1(C)CCC[C@@H]1N1C(=O)CC(=O)N(CCc2cccc(Cl)c2)C1=O,,CHEMBL2381011
[21000.0],Homo sapiens,1370,169,CC(C)NCC(O)COc1cccc2ccccc12,PROPRANOLOL,CHEMBL27
[13300.0],Homo sapiens,2775462,169,C[C@]1(CN2Cc3nc(-c4ccc(F)cc4)sc3C2)Cn2cc([N+](=O)[O-])nc2O1,,CHEMBL5204231
[610.0],Rattus norvegicus,46474,10514,CCCCC(=O)OC1=C(c2ccccc2)Sc2ccccc2-n2cccc21,,CHEMBL416040
[19000.0],Homo sapiens,2208830,169,C[C@]1(C(=O)O)CC[C@@](C)(c2nc(-c3ccc(C(=O)Nc4cc(C(F)(F)F)ccn4)cc3)c3c(N)nccn23)C1,,CHEMBL4068919
[760.0],Rattus norvegicus,226258,10514,CN(c1nc2ccccc2s1)C1CCN(CCCCOc2ccc(F)cc2)CC1,,CHEMBL137009
[500.0],Oryctolagus cuniculus,1568939,17056,CC1=C(C(=O)OC(C)C)C(c2cccc([N+](=O)[O-])c2)N(C(=O)C(C)C)C(=O)N1,,CHEMBL2398418
[9870.0],Oryctolagus cuniculus,1568926,17056,COC(=O)N1C(=S)NC(C)=C(C(=O)OC(C)C)[C@@H]1c1cccc([N+](=O)[O-])c1,,CHEMBL2398405
[3900.0],Homo sapiens,2182981,169,CC1CC(c2ccccc2)=NN1C(=O)Nc1ccc(F)cc1,,CHEMBL3973610
[794328.0],Homo sapiens,33307,169,C[C@H](Cc1cc2c(c(C(N)=O)c1)N(CCCO)CC2)NCCOc1ccccc1OCC(F)(F)F,SILODOSIN,CHEMBL24778
[98000.0],Homo sapiens,38580,169,Cc1ccc(C(C)C)cc1O,CARVACROL,CHEMBL281202
[6000.0],Oryctolagus cuniculus,676772,17056,CCCCN(CCCC)CCCOc1ccc(C(=O)c2cn3cccc(C)c3n2)cc1.Cl,,CHEMBL1202821
[93.33],Cavia porcellus,1470006,106600,COC(=O)C1=C(C)NC(C)=C(C(=O)OCc2ccccc2)C1c1[nH]cnc1Cl,,CHEMBL2234506
[19820.0],Homo sapiens,255477,169,C=C[C@H]1CN2CC[C@H]1C[C@@H]2[C@@H](O)c1ccnc2ccc(OC)cc12,QUINIDINE,CHEMBL1294
[69.0],Oryctolagus cuniculus,627514,17056,COC(=O)C1=C(C)NC(C)=C(C(=O)OCc2ccc(-c3ccccc3)cc2)C1c1cccc([N+](=O)[O-])c1,,CHEMBL1095532
[30000.0],Homo sapiens,567521,169,O=C(NC1CC1c1ccccc1)N1CCC(n2cccn2)CC1,,CHEMBL559101
[16000.0],Homo sapiens,2565063,169,COc1cc(F)c(-c2ccc(C(=O)O)cc2C)cc1-c1ccc(F)cc1[C@@H]1CC[C@H]2[C@@H](c3cc(C(F)(F)F)cc(C(F)(F)F)c3)OC(=O)N12,,CHEMBL4871292
[1800.0],Homo sapiens,38833,169,CNC1(c2ccccc2Cl)CCCCC1=O,KETAMINE,CHEMBL742
[16120.0],Rattus norvegicus,54051,10514,CN(C)CCC(c1ccc(Br)cc1)c1ccccn1,BROMPHENIRAMINE,CHEMBL811
[17.0],Homo sapiens,78582,169,COc1ccc(CCN(C)CCCC(C#N)(c2cc(OC)c(OC)c(OC)c2)C(C)C)cc1OC,GALLOPAMIL,CHEMBL51149
[107.0],Oryctolagus cuniculus,486789,17056,COC(=O)C1=C(C)NC(C)=C(C(=O)OC(C)C)C1c1cccc2nonc12,ISRADIPINE,CHEMBL1648
[10600.0],Cavia porcellus,18694,106600,Cc1ccc(-c2cc(C(F)(F)F)nn2-c2ccc(S(N)(=O)=O)cc2)cc1,CELECOXIB,CHEMBL118
[7000.0],Homo sapiens,1990407,169,COc1ncc(-c2ccc(C(=O)O)cc2C)cc1-c1ncc(C(F)(F)F)cc1[C@@H]1CC[C@H]2[C@@H](c3cc(C(F)(F)F)cc(C(F)(F)F)c3)OC(=O)N12,,CHEMBL3657536
[115.0],Oryctolagus cuniculus,626736,17056,COCC1=C(C(=O)OC)C(c2cccc([N+](=O)[O-])c2)C(C(=O)OC)=C(C)N1,,CHEMBL1094404
[30000.0],Homo sapiens,2739526,169,C[C@H](CC[C@](C)(O)C(F)(F)F)[C@H]1CC[C@H]2[C@@H]3CC=C4C[C@@](C)(O)CC[C@]4(C)[C@H]3CC[C@]12C,DALZANEMDOR,CHEMBL5095095
[5400.0],Homo sapiens,2223,169,CNCCC(Oc1ccc(C(F)(F)F)cc1)c1ccccc1,FLUOXETINE,CHEMBL41
[64.5],Oryctolagus cuniculus,127291,17056,CCCO/C(O)=C1\C(C)=NC(C)=C(C(=O)OCN2C(=O)c3ccccc3S2(=O)=O)C1c1cccc([N+](=O)[O-])c1,,CHEMBL78396
[3100.0],Oryctolagus cuniculus,676775,17056,CCCCN(CCCC)CCCOc1ccc(-c2cn3c(n2)sc2ccccc23)cc1.Cl.Cl,,CHEMBL1202824
[91.2],Cavia porcellus,1474102,106600,CCOC(=O)C1=C(C)NC(C)=C(C(=O)OCc2ccccc2)C1c1[nH]cnc1Cl,,CHEMBL2238561
[57600.0],Oryctolagus cuniculus,1560313,17056,CC(C)c1ccc(CCN2C(=O)CC(=O)N(C3CCCC3)C2=O)cc1,,CHEMBL2380909
[48100.0],Oryctolagus cuniculus,1560295,17056,CC(=O)O[C@H]1CCC[C@@H]1N1C(=O)CC(=O)N(CCc2cccc(Cl)c2)C1=O,,CHEMBL2380892
[35900.0],Cavia porcellus,1471146,106600,CCOC(=O)C1=C(C)NC(C)=C(C(=O)OCC)C1c1cc(=O)cc(C)o1,,CHEMBL2235635
[20000.0],Homo sapiens,1345513,169,C[C@@]1(c2cc(F)cc(F)c2)CNC2(CCCC2)C(=O)N1CC(=O)Nc1cnc2c(c1)C[C@@]1(C2)C(=O)Nc2ncccc21,,CHEMBL2035983
[5400.0],Rattus norvegicus,1562120,10514,C[C@@H]1CN(C(c2ccccc2)c2ccccc2)[C@H](CCCCO)CN1,,CHEMBL2385364
[7620.0],Cavia porcellus,1480094,106600,COC(=O)C1=C(C)NC(C)=C(C(=O)OC(C)c2ccccc2)C1c1csc(-c2ccc(Cl)cc2)n1,,CHEMBL2262256
[0.04571],Cavia porcellus,1473489,106600,CCOC(=O)C1=C(C)NC(C)=C(C(=O)OCCc2ccccc2)C1c1nc(CC)[nH]c1Cl,,CHEMBL2237955
[13920.0],Oryctolagus cuniculus,1568945,17056,CCOC(=O)N1C(=O)N(C(=O)OCC)C(c2cccc([N+](=O)[O-])c2)C(C(=O)OC)=C1C,,CHEMBL2398424
[1.738],Cavia porcellus,1473485,106600,CC1=C(C(=O)OCCCc2ccccc2)C(c2nc[nH]c2Cl)C(C(=O)OCCCc2ccccc2)=C(C)N1,,CHEMBL2237951
[398107.0],Homo sapiens,663629,169,O=C1c2cccc3c2[C@H](CCC3)CN1[C@@H]1CN2CCC1CC2,PALONOSETRON,CHEMBL1189679
[1.42],Rattus norvegicus,419596,10514,COC(=O)C1=C(C)NC(C)=C(C(=O)OC)C1c1ccccc1[N+](=O)[O-],NIFEDIPINE,CHEMBL193
[100000.0],Oryctolagus cuniculus,1560431,17056,C[C@H]1[C@H](N2C(=O)CC(=O)N(CCc3cccc(Cl)c3)C2=O)C[C@@H]2C[C@H]1C2(C)C,,CHEMBL2381026
[1.69],Cavia porcellus,1471742,106600,CCOC(=O)C1=C(C)NC(C)=C(C(=O)OCC)C1c1cnc(SC)n1Nc1ccccc1,,CHEMBL2236225
[5920.0],Cavia porcellus,1480078,106600,CCCOC(=O)C1=C(C)NC(C)=C(C(=O)OC)C1c1csc(-c2ccc(Cl)cc2)n1,,CHEMBL2262240
[8.0],Oryctolagus cuniculus,627386,17056,COC(=O)C1=C(C)NC(C)=C(C(=O)OCCc2ccc(Cl)cc2)C1c1cccc([N+](=O)[O-])c1,,CHEMBL1096841
[500.0],Oryctolagus cuniculus,676770,17056,CCCCN(CCCC)CCCOc1ccc(C(=O)c2cnc3c(C)cccn23)cc1.Cl,,CHEMBL1202819
[19000.0],Cavia porcellus,1480072,106600,CC1=C(C(=O)OC2CCCC2)C(c2csc(-c3ccc(Cl)cc3)n2)C(C(=O)OC2CCCC2)=C(C)N1,,CHEMBL2262234
[9.0],Cavia porcellus,1378600,106600,C=CCN1CCN(CC(C)(C)COC(=O)C2=C(C)NC(C)=C(C(=O)OC)C2c2cccc([N+](=O)[O-])c2)CC1,IGANIDIPINE,CHEMBL2106330
[54970.0],Oryctolagus cuniculus,1568933,17056,COC(=O)C1=C(C)NC(=S)NC1c1cccc([N+](=O)[O-])c1,,CHEMBL2398412
[225.0],Homo sapiens,1959800,169,CC(C)C(=O)O[C@]1(CCN(C)CCCc2nc3ccccc3[nH]2)C[C@H](OCc2ccccc2)c2cc(F)ccc2[C@@H]1C(C)C,,CHEMBL3608316
[5100.0],Homo sapiens,1146335,169,CC#C[C@@H](c1ccc(Oc2ccc(C(F)(F)F)cc2OC(F)F)cc1)[C@H]1OC(=O)NC1=O,,CHEMBL1777878
[12890.0],Rattus norvegicus,29890,10514,O=C(O)Cc1ccccc1Nc1c(Cl)cccc1Cl,DICLOFENAC,CHEMBL139
[11670.0],Oryctolagus cuniculus,1568931,17056,COC(=O)C1=C(C)NC(=O)NC1c1cccc([N+](=O)[O-])c1,,CHEMBL2398410
[407.38],Cavia porcellus,1470008,106600,CCCOC(=O)C1=C(C)NC(C)=C(C(=O)OCC)C1c1[nH]cnc1Cl,,CHEMBL2234508
[30000.0],Homo sapiens,1159114,169,COCCCn1cc(CN(C(=O)[C@H]2CNCC[C@@H]2c2ccn(C)c(=O)c2)C2CC2)c2ccccc21,,CHEMBL1796068
[30000.0],Homo sapiens,2250028,169,CCNC1=N[C@@H]2[C@@H](O)[C@H](O)[C@@H](C)O[C@@H]2S1,,CHEMBL4110677
[588.0],Homo sapiens,1960692,169,CO[C@@H]1C[C@@](CCN(C)CCCc2nc3ccccc3[nH]2)(OC(=O)C(C)C)[C@@H](C(C)C)c2ccc(F)cc21,,CHEMBL3609825
[30000.0],Homo sapiens,1380096,169,O=C(Nc1ccc(C[C@@H]2CC[C@H]([C@H](O)c3ccccc3)N2)cc1)[C@@H]1CCc2nccc(=O)n21,VIBEGRON,CHEMBL2107826
[25.1],Oryctolagus cuniculus,126777,17056,CC1=NC(C)=C(C(=O)OCN2C(=O)c3ccccc3S2(=O)=O)C(c2ccccc2[N+](=O)[O-])/C1=C(\O)OCC1CCCCO1,,CHEMBL80501
[100000.0],Oryctolagus cuniculus,1560413,17056,O=C1CC(=O)N(C2CCCC2)C(=O)N1CCc1cccc(Cl)c1,,CHEMBL2381008
[12200.0],Cavia porcellus,1471152,106600,CCOC(=O)C1=C(C)NC(C)=C(C(=O)OCC)C1c1ccc(-c2cc(=O)cc(-c3ccccc3)o2)cc1,,CHEMBL2235641
[3100.0],Rattus norvegicus,1972673,10514,COCCOc1cccc(F)c1CCN1CCC(CC(=O)N[C@@H](c2ccc(F)cc2)C(C)C)CC1,,CHEMBL3638046
[14.0],Oryctolagus cuniculus,626652,17056,CCOC(=O)C1=C(C)NC(COC)=C(C(=O)OC)C1c1cccc([N+](=O)[O-])c1,,CHEMBL1096378
[3300.0],Rattus norvegicus,225550,10514,CN(CCO)CCCN1C(=O)CSC1c1cc(C(C)(C)C)c(O)c(C(C)(C)C)c1,,CHEMBL138126
[7059.0],Homo sapiens,2769896,169,Cc1cc(C#N)cnc1C(=O)Nc1ccc(F)c([C@]2(C)CS(=O)(=O)[C@@](C)(C(F)F)C(=N)N2)n1,,CHEMBL5198665
[30000.0],Homo sapiens,2497722,169,CCn1c(-c2cnc(C)nc2)nc2c(-c3cnc4c(c3)[C@](C)(NCC(C)(C)F)C(=O)N4)ncnc21,,CHEMBL4750385
[20.0],Oryctolagus cuniculus,627321,17056,COC(=O)C1=C(C)NC(C)=C(C(=O)OCc2ccco2)C1c1cccc([N+](=O)[O-])c1,,CHEMBL1098803
[30000.0],Homo sapiens,562219,169,CS(=O)(=O)c1ccc(-c2noc(C3CCN(C(=O)NC4CC4c4ccccc4)CC3)n2)cc1,,CHEMBL551058
[0.2118],Cavia porcellus,1479015,106600,CCc1nc(Cl)c(C2C(C(=O)OC3CCCC3)=C(C)NC(C)=C2C(=O)OC2CCCC2)[nH]1,,CHEMBL2261187
[20400.0],Oryctolagus cuniculus,1560438,17056,CC1CCC(N2C(=O)CC(=O)N(CCc3ccc(Cl)cc3)C2=O)C1,,CHEMBL2381033
[300.0],Rattus norvegicus,226358,10514,COc1cc(OCCN(C)CCCN2C(=O)CSC2c2cc(C(C)(C)C)c(O)c(C(C)(C)C)c2)cc(OC)c1OC,,CHEMBL137352
[7000.0],Homo sapiens,2542548,169,COc1ccc(CCC(=O)O)cc1-c1ccc(C(F)(F)F)cc1[C@@H]1CC[C@H]2[C@@H](c3cc(C(F)(F)F)cc(C(F)(F)F)c3)OC(=O)N12,,CHEMBL4848777
[13000.0],Homo sapiens,2214744,169,C[C@]1(C(=O)O)CCC[C@@](C)(c2nc(-c3ccc(C(=O)Nc4cc(C(F)(F)F)ccn4)cc3)c3c(N)nccn23)C1,,CHEMBL4074833
[520000.0],Cavia porcellus,381697,106600,CCC(C)c1ccccc1OC(=O)NC,FENOBUCARB,CHEMBL226650
[1.4],Oryctolagus cuniculus,127290,17056,CC1=NC(C)=C(C(=O)OCN2C(=O)c3ccccc3S2(=O)=O)C(c2ccccc2[N+](=O)[O-])/C1=C(\O)OC(C)C,,CHEMBL78656
[30000.0],Homo sapiens,685448,169,CCNC1=N[C@@H]2[C@@H](O)[C@H](O)[C@@H](CO)O[C@@H]2S1,,CHEMBL1213603
[7.8],Oryctolagus cuniculus,127588,17056,CC1=NC(C)=C(C(=O)OCN2C(=O)c3ccccc3S2(=O)=O)C(c2cccc([N+](=O)[O-])c2)/C1=C(\O)OC(C)(C)C,,CHEMBL312103
[2.21],Cavia porcellus,1471753,106600,COC(=O)C1=C(C)NC(C)=C(C(=O)OCc2ccccc2)C1c1cnc(SC)n1Nc1ccccc1,,CHEMBL2236236
[570.0],Cavia porcellus,418414,106600,CCOC(=O)C1=C(COCCN)NC(C)=C(C(=O)OC)C1c1ccccc1Cl,AMLODIPINE,CHEMBL1491
[34700.0],Cavia porcellus,618127,106600,CCCOC(C(=O)OC1CCN(C)CC1)(c1ccccc1)c1ccccc1,PROPIVERINE,CHEMBL1078261
[20700.0],Oryctolagus cuniculus,1560322,17056,CC(CN1C(=O)CC(=O)N(C2CCCC2)C1=O)c1cccc(Cl)c1,,CHEMBL2380918
[30000.0],Homo sapiens,2567168,169,COc1ncc(-c2ccc(C(=O)O)cc2C)cc1-c1ccc(C(F)(F)F)cc1[C@@H]1CC[C@H]2[C@@H](c3cc(C(F)(F)F)cc(C(F)(F)F)c3)OC(=O)N12,,CHEMBL4873397
[28000.0],Oryctolagus cuniculus,1560284,17056,C[C@@H]1[C@@H](N2C(=O)CC(=O)N(CCc3ccc(Cl)cc3)C2=O)C[C@H]2C[C@@H]1C2(C)C,,CHEMBL2380881
[15848.9],Homo sapiens,1780417,169,COc1ccc(S(=O)(=O)Nc2c(C)cc(C)cc2C)cc1,,CHEMBL3311308
[7.0],Oryctolagus cuniculus,626976,17056,COC(=O)C1=C(C)NC(C)=C(C(=O)OCc2ccc(F)c(F)c2)C1c1cccc([N+](=O)[O-])c1,,CHEMBL1098864
[6020.0],Cavia porcellus,40243,106600,CN1CCN(c2ncc(-c3cc(Cl)cc(Cl)c3Cl)c(N)n2)CC1,SIPATRIGINE,CHEMBL28854
"[16000.0, 46900.0]",Cavia porcellus,557741,106600,COc1cc(N)c(Cl)cc1C(=O)NC1CCN(CCCOc2ccc(F)cc2)CC1OC,CISAPRIDE,CHEMBL1729
"[7.1, 78.8]",Cavia porcellus,699483,106600,CCCC(=O)OCOC(=O)C1=C(C)NC(C)=C(C(=O)OC)C1c1cccc(Cl)c1Cl,CLEVIDIPINE,CHEMBL1237132
"[5300.0, 12700.0]",Homo sapiens,451341,169,COCCOC(=O)C1=C(C)NC(C)=C(C(=O)OC/C=C/c2ccccc2)C1c1cccc([N+](=O)[O-])c1,CILNIDIPINE,CHEMBL452076
"[15848900.0, 1995260.0]",Homo sapiens,14805,169,CS(=O)(=O)CCNCc1ccc(-c2ccc3ncnc(Nc4ccc(OCc5cccc(F)c5)c(Cl)c4)c3c2)o1,LAPATINIB,CHEMBL554
"[2200.0, 7000.0]",Rattus norvegicus,1972665,10514,COc1cccc(CCN2CCC(CC(=O)N[C@@H](c3ccc(F)cc3)C(C)C)CC2)c1,,CHEMBL3638038
"[3162280.0, 199526.0]",Homo sapiens,426660,169,Cc1cn(-c2cc(NC(=O)c3ccc(C)c(Nc4nccc(-c5cccnc5)n4)c3)cc(C(F)(F)F)c2)cn1,NILOTINIB,CHEMBL255863
"[398107.0, 168900.0]",Homo sapiens,1788,169,COc1c(N2C[C@@H]3CCCN[C@@H]3C2)c(F)cc2c(=O)c(C(=O)O)cn(C3CC3)c12,MOXIFLOXACIN,CHEMBL32
"[30000.0, 30000.0]",Homo sapiens,1624811,169,O=C(Nc1ccc(C[C@@H]2CC[C@H]([C@H](O)c3cccnc3)N2)cc1)[C@@H]1CCc2scnc21,,CHEMBL3128178
"[228000.0, 228000.0]",Cavia porcellus,27629,106600,CN(C)CCOC(c1ccccc1)c1ccccc1,DIPHENHYDRAMINE,CHEMBL657
"[34.0, 38.4]",Homo sapiens,364520,169,C[C@]12CC[C@H]3[C@@H](CCC4=CC(=O)CC[C@@]43C)[C@@H]1CC[C@@H]2O,TESTOSTERONE,CHEMBL386630
"[3100.0, 1200.0]",Homo sapiens,1376031,169,COC(=O)C1=C(C)NC(C)=C(C(=O)O[C@H]2CCN(Cc3ccccc3)C2)[C@H]1c1cccc([N+](=O)[O-])c1,BARNIDIPINE,CHEMBL2103761
"[25118.9, 100000.0]",Homo sapiens,192908,169,CNCC[C@H](Oc1cccc2ccccc12)c1cccs1,DULOXETINE,CHEMBL1175
"[1.0, 2.9]",Oryctolagus cuniculus,419596,17056,COC(=O)C1=C(C)NC(C)=C(C(=O)OC)C1c1ccccc1[N+](=O)[O-],NIFEDIPINE,CHEMBL193
"[80.0, 730.0]",Cavia porcellus,554892,106600,COC(=O)C1=C(C)NC(C)=C(C(=O)OCC(C)C)C1c1ccccc1[N+](=O)[O-],NISOLDIPINE,CHEMBL1726
"[4200.0, 1200.0]",Homo sapiens,418414,169,CCOC(=O)C1=C(COCCN)NC(C)=C(C(=O)OC)C1c1ccccc1Cl,AMLODIPINE,CHEMBL1491
"[1300.0, 6000.0]",Oryctolagus cuniculus,1972676,17056,CC(C)(C)OC(=O)N1CC2CC(CN(C[C@H](O)COc3ccc(C#N)cc3)C2)C1,,CHEMBL3638049
"[1.4, 150.0]",Mus musculus,44882,10513,COc1ccc(CCN(C)CCCOc2ccc(S(=O)(=O)c3c(C(C)C)cn4ccccc34)cc2)cc1OC,FANTOFARONE,CHEMBL285855
"[12000.0, 12000.0]",Rattus norvegicus,3281,10514,O=c1c(-c2ccc(O)cc2)coc2cc(O)ccc12,DAIDZEIN,CHEMBL8145
"[158489.0, 1023000.0]",Homo sapiens,5638,169,CN(CCOc1ccc(NS(C)(=O)=O)cc1)CCc1ccc(NS(C)(=O)=O)cc1,DOFETILIDE,CHEMBL473
"[15848.9, 251189.0]",Homo sapiens,421326,169,CCCc1nc(C)c2c(=O)nc(-c3cc(S(=O)(=O)N4CCN(CC)CC4)ccc3OCC)[nH]n12,VARDENAFIL,CHEMBL1520
"[18000.0, 18000.0]",Cavia porcellus,1370,106600,CC(C)NCC(O)COc1cccc2ccccc12,PROPRANOLOL,CHEMBL27
"[10000.0, 5600.0]",Rattus norvegicus,255477,10514,C=C[C@H]1CN2CC[C@H]1C[C@@H]2[C@@H](O)c1ccnc2ccc(OC)cc12,QUINIDINE,CHEMBL1294
"[699.0, 533.0]",Homo sapiens,1959804,169,CC(C)C(=O)O[C@]1(CCN(C)CCCc2nc3ccccc3[nH]2)C[C@@H]2CC[C@H]1c1ccccc12,,CHEMBL3608945
"[15600.0, 15600.0]",Cavia porcellus,255477,106600,C=C[C@H]1CN2CC[C@H]1C[C@@H]2[C@@H](O)c1ccnc2ccc(OC)cc12,QUINIDINE,CHEMBL1294
"[13800.0, 4900.0]",Homo sapiens,1449131,169,COC(=O)C1=C(C)NC(C)=C(C(=O)O[C@@H]2CCCN(Cc3ccccc3)C2)C1c1cccc([N+](=O)[O-])c1,BENIDIPINE,CHEMBL2218858
"[42220.0, 7750.0]",Cavia porcellus,11005,106600,CN1CCC(=C2c3ccccc3C=Cc3ccccc32)CC1,CYPROHEPTADINE,CHEMBL516
"[1000000.0, 398107.0]",Homo sapiens,468656,169,Cc1nc2n(c(=O)c1CCN1CCC(c3noc4cc(F)ccc34)CC1)CCCC2O,PALIPERIDONE,CHEMBL1621
"[251189.0, 398107.0]",Homo sapiens,361469,169,Cc1nc(Nc2ncc(C(=O)Nc3c(C)cccc3Cl)s2)cc(N2CCN(CCO)CC2)n1,DASATINIB,CHEMBL1421
"[1300.0, 1300.0]",Cavia porcellus,5970,106600,CSc1ccc2c(c1)N(CCC1CCCCN1C)c1ccccc1S2,THIORIDAZINE,CHEMBL479
"[4910.0, 320.0]",Cavia porcellus,1972663,106600,COc1cccc(/C=C/CN2CCC(=C3c4ccccc4C=Cc4ccccc43)CC2)c1[N+](=O)[O-],,CHEMBL3638036
"[1800000.0, 14500000.0]",Homo sapiens,85649,169,FC(F)(F)C(Cl)Br,HALOTHANE,CHEMBL931
"[1240.0, 1240.0]",Cavia porcellus,31171,106600,CC(Cc1ccccc1)NCCC(c1ccccc1)c1ccccc1,PRENYLAMINE,CHEMBL24072
"[158000.0, 158000.0]",Homo sapiens,38579,169,Cc1ccc(C(C)C)c(O)c1,THYMOL,CHEMBL29411
"[79432.8, 199526.0]",Homo sapiens,13048,169,CCN(CC)CCNC(=O)c1c(C)[nH]c(/C=C2\C(=O)Nc3ccc(F)cc32)c1C,SUNITINIB,CHEMBL535
"[1258930.0, 1584890.0]",Homo sapiens,38727,169,Nc1nnc(-c2cccc(Cl)c2Cl)c(N)n1,LAMOTRIGINE,CHEMBL741
"[54.0, 100.0]",Rattus norvegicus,1278,10514,COc1ccc([C@@H]2Sc3ccccc3N(CCN(C)C)C(=O)[C@@H]2OC(C)=O)cc1,DILTIAZEM,CHEMBL23
"[8200.0, 8200.0]",Homo sapiens,1074880,169,Nc1nc(CC(=O)Nc2ccc(C[C@@H]3CC[C@H]([C@H](O)c4ccccc4)N3)cc2)cs1,,CHEMBL1684585
"[10400.0, 10400.0]",Cavia porcellus,34234,106600,OCCOCCN1CCN(C2=Nc3ccccc3Sc3ccccc32)CC1,QUETIAPINE,CHEMBL716
"[30000.0, 30000.0]",Homo sapiens,1378032,169,CS(=O)(=O)n1cc2c(n1)CN([C@H]1CO[C@H](c3cc(F)ccc3F)[C@@H](N)C1)C2,OMARIGLIPTIN,CHEMBL2105762
"[30000.0, 30000.0]",Homo sapiens,1624821,169,O=C(Nc1ccc(C[C@@H]2CC[C@H]([C@H](O)c3cccnc3)N2)cc1)[C@@H]1CCc2ccnn21,,CHEMBL3128188
"[437.0, 648.0]",Homo sapiens,1959806,169,CC(C)C(=O)O[C@]1(CCN(C)CCCc2nc3ccccc3[nH]2)C[C@@H]2CCC[C@H]1c1ccccc12,,CHEMBL3608947
"[1709.0, 1709.0]",Cavia porcellus,6243,106600,CNCCCN1c2ccccc2CCc2ccccc21,DESIPRAMINE,CHEMBL72
"[30000.0, 30000.0]",Homo sapiens,565613,169,O=C(NC1CC1c1ccccc1)N1CCC(c2nc(-c3ccccn3)no2)CC1,,CHEMBL552382
"[4.1, 33.0]",Mus musculus,45764,10513,COc1ccc(CCN(C)CCCOc2ccc(S(=O)(=O)c3c(C(C)C)c4ccccc4n3C)cc2)cc1OC,,CHEMBL33620
"[1800.0, 1800.0]",Cavia porcellus,27112,106600,CCCNCC(O)COc1ccccc1C(=O)CCc1ccccc1,PROPAFENONE,CHEMBL631
"[200.0, 1.0]",Cavia porcellus,507713,106600,CC1=C(C(=O)OC(C)C)[C@@H](c2cccc3nonc23)C([N+](=O)[O-])=C(C)N1,,CHEMBL487115
"[2310.0, 2600.0]",Rattus norvegicus,53616,10514,CN[C@H]1CC[C@@H](c2ccc(Cl)c(Cl)c2)c2ccccc21,SERTRALINE,CHEMBL809
"[224000.0, 8400.0]",Rattus norvegicus,1427214,10514,CCC1=C[C@@H]2CN3CCc4c([nH]c5ccccc45)[C@@](C(=O)OC)(C2)[C@@H]13,CATHARANTHINE BASE,CHEMBL2163793
"[20200.0, 8000.0]",Cavia porcellus,27309,106600,CN1CCCC(n2nc(Cc3ccc(Cl)cc3)c3ccccc3c2=O)CC1,AZELASTINE,CHEMBL639
"[4050.0, 8300.0]",Rattus norvegicus,605,10514,CN(C)CCCN1c2ccccc2CCc2ccccc21,IMIPRAMINE,CHEMBL11
"[4900.0, 4900.0]",Cavia porcellus,54722,106600,COCCCC/C(=N\OCCN)c1ccc(C(F)(F)F)cc1,FLUVOXAMINE,CHEMBL814
"[5800.0, 8500.0]",Rattus norvegicus,16437,10514,CCCCC/C=C\C/C=C\C/C=C\C/C=C\CCCC(=O)O,ARACHIDONIC ACID,CHEMBL15594
"[103000.0, 103000.0]",Cavia porcellus,921,106600,O=C1NC(=O)C(c2ccccc2)(c2ccccc2)N1,PHENYTOIN,CHEMBL16
"[23200.0, 3750.0]",Rattus norvegicus,27072,10514,CN(C)CCC=C1c2ccccc2CCc2ccccc21,AMITRIPTYLINE,CHEMBL629
"[73000.0, 116000.0, 73000.0]",Cavia porcellus,7714,106600,Cc1nc2n(c(=O)c1CCN1CCC(c3noc4cc(F)ccc34)CC1)CCCC2,RISPERIDONE,CHEMBL85
"[55.0, 50.0, 22.0]",Homo sapiens,419596,169,COC(=O)C1=C(C)NC(C)=C(C(=O)OC)C1c1ccccc1[N+](=O)[O-],NIFEDIPINE,CHEMBL193
"[630.0, 30000.0, 74000.0]",Cavia porcellus,1278,106600,COc1ccc([C@@H]2Sc3ccccc3N(CCN(C)C)C(=O)[C@@H]2OC(C)=O)cc1,DILTIAZEM,CHEMBL23
"[250.0, 24100.0, 9600.0]",Homo sapiens,407549,169,COC(=O)C1=C(C)NC(C)=C(C(=O)OCCN(C)Cc2ccccc2)C1c1cccc([N+](=O)[O-])c1,NICARDIPINE,CHEMBL1484
"[14000.0, 14400.0, 30000.0]",Cavia porcellus,139895,106600,c1ccc(C2(c3ccccc3)CC2C2=NCCN2)cc1,CIFENLINE,CHEMBL87045
"[11000.0, 57500.0, 11000.0]",Rattus norvegicus,2658,10514,O=c1c(-c2ccc(O)cc2)coc2cc(O)cc(O)c12,GENISTEIN,CHEMBL44
"[375.0, 250.0, 375.0]",Cavia porcellus,19569,106600,CC(C)(C)c1ccc(C(O)CCCN2CCC(C(O)(c3ccccc3)c3ccccc3)CC2)cc1,TERFENADINE,CHEMBL17157
"[22.0, 9000.0, 22.0, 9000.0]",Rattus norvegicus,44882,10514,COc1ccc(CCN(C)CCCOc2ccc(S(=O)(=O)c3c(C(C)C)cn4ccccc34)cc2)cc1OC,FANTOFARONE,CHEMBL285855
"[540.0, 480.0, 460.0, 410.0]",Homo sapiens,230321,169,COc1ccc(CCNC2CCCC(C(C#N)(c3ccc(OC)c(OC)c3)C(C)C)C2)cc1OC,,CHEMBL343771
"[108000.0, 288000.0, 202.0, 250.0]",Homo sapiens,72035,169,COCC(=O)O[C@]1(CCN(C)CCCc2nc3ccccc3[nH]2)CCc2cc(F)ccc2[C@@H]1C(C)C,MIBEFRADIL,CHEMBL45816
"[390.0, 260.0, 500.0, 270.0]",Homo sapiens,230130,169,COc1ccc(CCN(C)C2CCCC(C(C#N)(c3ccc(OC)c(OC)c3)C(C)C)C2)cc1OC,,CHEMBL138302
"[150.0, 24000.0, 47000.0, 50000.0, 23500.0]",Homo sapiens,1219,169,COc1ccc(CCN(C)CCCC(C#N)(c2ccc(OC)c(OC)c2)C(C)C)cc1OC,VERAPAMIL,CHEMBL6966
"[211.0, 500.0, 211.0, 2600.0, 1550.0]",Cavia porcellus,112651,106600,CC(C)COCC(CN(Cc1ccccc1)c1ccccc1)N1CCCC1,BEPRIDIL,CHEMBL1008
"[69.0, 2.6, 50.0, 300.0, 50.0, 260.0]",Cavia porcellus,419596,106600,COC(=O)C1=C(C)NC(C)=C(C(=O)OC)C1c1ccccc1[N+](=O)[O-],NIFEDIPINE,CHEMBL193
"[100.0, 790.0, 940.0, 100.0, 164.0, 600.0, 1800.0, 1500.0]",Cavia porcellus,1219,106600,COc1ccc(CCN(C)CCCC(C#N)(c2ccc(OC)c(OC)c2)C(C)C)cc1OC,VERAPAMIL,CHEMBL6966
